356054240,apache/flink,30/08/18 03:32,spirals-bears,e853272b-bf8e-41a0-b5a0-9d347947f4f6_03-18-week3-PASSING_AND_PASSING,76,0,1,6,12,95
355876865,apache/flink,30/08/18 03:33,spirals-bears,e853272b-bf8e-41a0-b5a0-9d347947f4f6_03-18-week3-PASSING_AND_PASSING,63,8,71
356269308,apache/flink,30/08/18 03:35,spirals-bears,e853272b-bf8e-41a0-b5a0-9d347947f4f6_03-18-week3-PASSING_AND_PASSING,64,0,2,1,222,1,290
356524183,apache/flink,30/08/18 03:35,spirals-bears,e853272b-bf8e-41a0-b5a0-9d347947f4f6_03-18-week3-PASSING_AND_PASSING,65,0,1,8,222,8,304
355726654,apache/flink,30/08/18 03:36,spirals-bears,e853272b-bf8e-41a0-b5a0-9d347947f4f6_03-18-week3-PASSING_AND_PASSING,90,0,2,8,219,8,327
354560139,apache/flink,30/08/18 03:36,spirals-bears,e853272b-bf8e-41a0-b5a0-9d347947f4f6_03-18-week3-PASSING_AND_PASSING,63,6,69
355323221,apache/flink,30/08/18 03:37,spirals-bears,e853272b-bf8e-41a0-b5a0-9d347947f4f6_03-18-week3-PASSING_AND_PASSING,60,6,66
355666147,apache/flink,30/08/18 04:23,spirals-bears,e853272b-bf8e-41a0-b5a0-9d347947f4f6_03-18-week3-PASSING_AND_PASSING,11,0,4,53,2,1,136,0,45,13,2,932,5,61,66,1627,2958
355332665,apache/flink,30/08/18 04:25,spirals-bears,e853272b-bf8e-41a0-b5a0-9d347947f4f6_03-18-week3-PASSING_AND_PASSING,67,0,1,6,11,85
355248634,apache/flink,30/08/18 04:26,spirals-bears,e853272b-bf8e-41a0-b5a0-9d347947f4f6_03-18-week3-PASSING_AND_PASSING,61,7,68
355070567,apache/flink,30/08/18 04:28,spirals-bears,e853272b-bf8e-41a0-b5a0-9d347947f4f6_03-18-week3-PASSING_AND_PASSING,17,0,2,57,0,1,210,0,47,5,6,808,1,59,159,1691,3063
355071591,apache/flink,30/08/18 04:29,spirals-bears,e853272b-bf8e-41a0-b5a0-9d347947f4f6_03-18-week3-PASSING_AND_PASSING,13,0,4,69,0,3,231,1,53,5,5,815,1,61,175,1678,3114
355254355,apache/flink,30/08/18 04:29,spirals-bears,e853272b-bf8e-41a0-b5a0-9d347947f4f6_03-18-week3-PASSING_AND_PASSING,26,0,16,49,1,1,237,0,52,17,3,830,14,77,165,1691,3179
354363480,apache/flink,30/08/18 04:30,spirals-bears,e853272b-bf8e-41a0-b5a0-9d347947f4f6_03-18-week3-PASSING_AND_PASSING,61,6,67
354065549,apache/flink,30/08/18 04:31,spirals-bears,e853272b-bf8e-41a0-b5a0-9d347947f4f6_03-18-week3-PASSING_AND_PASSING,67,5,72
354321495,apache/flink,30/08/18 04:32,spirals-bears,e853272b-bf8e-41a0-b5a0-9d347947f4f6_03-18-week3-PASSING_AND_PASSING,59,0,1,1,223,2,286
353910646,apache/flink,30/08/18 04:33,spirals-bears,e853272b-bf8e-41a0-b5a0-9d347947f4f6_03-18-week3-PASSING_AND_PASSING,73,5,78
354321027,apache/flink,30/08/18 04:34,spirals-bears,e853272b-bf8e-41a0-b5a0-9d347947f4f6_03-18-week3-PASSING_AND_PASSING,64,0,1,1,222,2,290
353716467,apache/flink,30/08/18 04:34,spirals-bears,e853272b-bf8e-41a0-b5a0-9d347947f4f6_03-18-week3-PASSING_AND_PASSING,60,0,2,8,215,9,294
353721773,apache/flink,30/08/18 04:35,spirals-bears,e853272b-bf8e-41a0-b5a0-9d347947f4f6_03-18-week3-PASSING_AND_PASSING,60,6,66
348321780,apache/flink,30/08/18 04:35,spirals-bears,e853272b-bf8e-41a0-b5a0-9d347947f4f6_03-18-week3-PASSING_AND_PASSING,64,0,2,7,124,12,209
355727823,prestodb/presto,30/08/18 04:36,spirals-bears,e853272b-bf8e-41a0-b5a0-9d347947f4f6_03-18-week3-PASSING_AND_PASSING,44,0,1,7,9,61
356274156,prestodb/presto,30/08/18 05:05,spirals-bears,e853272b-bf8e-41a0-b5a0-9d347947f4f6_03-18-week3-PASSING_AND_PASSING,49,0,800,1,1,855,2,1708
356166625,prestodb/presto,30/08/18 05:16,spirals-bears,e853272b-bf8e-41a0-b5a0-9d347947f4f6_03-18-week3-PASSING_AND_PASSING,50,0,2,1,558,9,620
355552008,prestodb/presto,30/08/18 05:17,spirals-bears,e853272b-bf8e-41a0-b5a0-9d347947f4f6_03-18-week3-PASSING_AND_PASSING,44,4,48
354092452,prestodb/presto,30/08/18 05:18,spirals-bears,e853272b-bf8e-41a0-b5a0-9d347947f4f6_03-18-week3-PASSING_AND_PASSING,46,6,52
355374090,prestodb/presto,30/08/18 05:20,spirals-bears,e853272b-bf8e-41a0-b5a0-9d347947f4f6_03-18-week3-PASSING_AND_PASSING,44,9,53
354301907,apache/flink,30/08/18 05:22,spirals-bears,e853272b-bf8e-41a0-b5a0-9d347947f4f6_03-18-week3-PASSING_AND_PASSING,12,0,2,51,0,2,220,1,43,5,8,784,1,76,66,1638,2909
353443023,apache/flink,30/08/18 05:23,spirals-bears,e853272b-bf8e-41a0-b5a0-9d347947f4f6_03-18-week3-PASSING_AND_PASSING,13,0,3,55,0,2,184,0,47,5,5,828,1,62,64,1647,2916
356058611,prestodb/presto,30/08/18 05:24,spirals-bears,e853272b-bf8e-41a0-b5a0-9d347947f4f6_03-18-week3-PASSING_AND_PASSING,44,0,2,0,192,2,240
353443605,apache/flink,30/08/18 05:24,spirals-bears,e853272b-bf8e-41a0-b5a0-9d347947f4f6_03-18-week3-PASSING_AND_PASSING,16,0,3,51,0,1,217,0,40,2,19,795,1,68,68,1642,2923
355579378,prestodb/presto,30/08/18 05:25,spirals-bears,e853272b-bf8e-41a0-b5a0-9d347947f4f6_03-18-week3-PASSING_AND_PASSING,51,5,56
355917125,prestodb/presto,30/08/18 05:26,spirals-bears,e853272b-bf8e-41a0-b5a0-9d347947f4f6_03-18-week3-PASSING_AND_PASSING,46,0,1,1,82,1,131
351472770,prestodb/presto,30/08/18 05:27,spirals-bears,e853272b-bf8e-41a0-b5a0-9d347947f4f6_03-18-week3-PASSING_AND_PASSING,44,9,53
355694646,prestodb/presto,30/08/18 05:28,spirals-bears,e853272b-bf8e-41a0-b5a0-9d347947f4f6_03-18-week3-PASSING_AND_PASSING,43,4,47
355689789,prestodb/presto,30/08/18 05:29,spirals-bears,e853272b-bf8e-41a0-b5a0-9d347947f4f6_03-18-week3-PASSING_AND_PASSING,54,0,1,1,190,1,247
354509923,prestodb/presto,30/08/18 05:30,spirals-bears,e853272b-bf8e-41a0-b5a0-9d347947f4f6_03-18-week3-PASSING_AND_PASSING,44,4,48
355474298,prestodb/presto,30/08/18 05:31,spirals-bears,e853272b-bf8e-41a0-b5a0-9d347947f4f6_03-18-week3-PASSING_AND_PASSING,41,3,44
355628124,prestodb/presto,30/08/18 05:31,spirals-bears,e853272b-bf8e-41a0-b5a0-9d347947f4f6_03-18-week3-PASSING_AND_PASSING,43,0,1,1,180,1,226
354581038,prestodb/presto,30/08/18 05:32,spirals-bears,e853272b-bf8e-41a0-b5a0-9d347947f4f6_03-18-week3-PASSING_AND_PASSING,43,4,47
354167406,prestodb/presto,30/08/18 05:33,spirals-bears,e853272b-bf8e-41a0-b5a0-9d347947f4f6_03-18-week3-PASSING_AND_PASSING,58,3,61
354538007,prestodb/presto,30/08/18 05:33,spirals-bears,e853272b-bf8e-41a0-b5a0-9d347947f4f6_03-18-week3-PASSING_AND_PASSING,41,0,2,5,6,54
354584565,prestodb/presto,30/08/18 05:34,spirals-bears,e853272b-bf8e-41a0-b5a0-9d347947f4f6_03-18-week3-PASSING_AND_PASSING,48,4,52
354580292,prestodb/presto,30/08/18 05:34,spirals-bears,e853272b-bf8e-41a0-b5a0-9d347947f4f6_03-18-week3-PASSING_AND_PASSING,42,5,47
354504606,prestodb/presto,30/08/18 05:35,spirals-bears,e853272b-bf8e-41a0-b5a0-9d347947f4f6_03-18-week3-PASSING_AND_PASSING,43,4,47
354219167,prestodb/presto,30/08/18 05:35,spirals-bears,e853272b-bf8e-41a0-b5a0-9d347947f4f6_03-18-week3-PASSING_AND_PASSING,43,9,52
353647318,prestodb/presto,30/08/18 05:36,spirals-bears,e853272b-bf8e-41a0-b5a0-9d347947f4f6_03-18-week3-PASSING_AND_PASSING,43,6,49
354337164,prestodb/presto,30/08/18 05:36,spirals-bears,e853272b-bf8e-41a0-b5a0-9d347947f4f6_03-18-week3-PASSING_AND_PASSING,42,4,46
354129762,prestodb/presto,30/08/18 05:37,spirals-bears,e853272b-bf8e-41a0-b5a0-9d347947f4f6_03-18-week3-PASSING_AND_PASSING,47,5,52
351508363,prestodb/presto,30/08/18 05:37,spirals-bears,e853272b-bf8e-41a0-b5a0-9d347947f4f6_03-18-week3-PASSING_AND_PASSING,44,0,2,5,11,62
353554175,prestodb/presto,30/08/18 05:38,spirals-bears,e853272b-bf8e-41a0-b5a0-9d347947f4f6_03-18-week3-PASSING_AND_PASSING,50,5,55
355537472,apache/incubator-druid,30/08/18 05:45,spirals-bears,e853272b-bf8e-41a0-b5a0-9d347947f4f6_03-18-week3-PASSING_AND_PASSING,36,0,1,9,355,12,413
353086547,apache/incubator-druid,30/08/18 05:48,spirals-bears,e853272b-bf8e-41a0-b5a0-9d347947f4f6_03-18-week3-PASSING_AND_PASSING,35,0,1,6,123,10,175
356029646,prestodb/presto,30/08/18 05:51,spirals-bears,e853272b-bf8e-41a0-b5a0-9d347947f4f6_03-18-week3-PASSING_AND_PASSING,42,0,811,2,1,843,4,1703
353056021,apache/incubator-druid,30/08/18 05:52,spirals-bears,e853272b-bf8e-41a0-b5a0-9d347947f4f6_03-18-week3-PASSING_AND_PASSING,37,12,49
355913958,prestodb/presto,30/08/18 05:52,spirals-bears,e853272b-bf8e-41a0-b5a0-9d347947f4f6_03-18-week3-PASSING_AND_PASSING,43,0,787,2,1,849,2,1684
354442566,apache/incubator-druid,30/08/18 05:53,spirals-bears,e853272b-bf8e-41a0-b5a0-9d347947f4f6_03-18-week3-PASSING_AND_PASSING,34,14,48
353584075,apache/incubator-druid,30/08/18 05:54,spirals-bears,e853272b-bf8e-41a0-b5a0-9d347947f4f6_03-18-week3-PASSING_AND_PASSING,47,14,61
353456048,apache/incubator-druid,30/08/18 05:55,spirals-bears,e853272b-bf8e-41a0-b5a0-9d347947f4f6_03-18-week3-PASSING_AND_PASSING,36,13,49
349214392,thelastpickle/cassandra-reaper,30/08/18 05:55,spirals-bears,e853272b-bf8e-41a0-b5a0-9d347947f4f6_03-18-week3-PASSING_AND_PASSING,7,0,7
297941808,thelastpickle/cassandra-reaper,30/08/18 05:55,spirals-bears,e853272b-bf8e-41a0-b5a0-9d347947f4f6_03-18-week3-PASSING_AND_PASSING,7,2,9
353139327,thelastpickle/cassandra-reaper,30/08/18 05:56,spirals-bears,e853272b-bf8e-41a0-b5a0-9d347947f4f6_03-18-week3-PASSING_AND_PASSING,8,0,0,0,0,8
353980648,apache/incubator-druid,30/08/18 05:57,spirals-bears,e853272b-bf8e-41a0-b5a0-9d347947f4f6_03-18-week3-PASSING_AND_PASSING,38,0,1,6,198,8,251
355667087,apache/incubator-druid,30/08/18 06:08,spirals-bears,e853272b-bf8e-41a0-b5a0-9d347947f4f6_03-18-week3-PASSING_AND_PASSING,34,0,132,1,0,1023,0,3,1193
355699870,JMRI/JMRI,30/08/18 06:15,spirals-bears,e853272b-bf8e-41a0-b5a0-9d347947f4f6_03-18-week3-PASSING_AND_PASSING,259,0,0,13,92,29,393
355571651,JMRI/JMRI,30/08/18 06:23,spirals-bears,e853272b-bf8e-41a0-b5a0-9d347947f4f6_03-18-week3-PASSING_AND_PASSING,374,0,1,5,94,6,480
355152342,JMRI/JMRI,30/08/18 06:30,spirals-bears,e853272b-bf8e-41a0-b5a0-9d347947f4f6_03-18-week3-PASSING_AND_PASSING,259,0,0,11,96,27,393
356070935,JMRI/JMRI,30/08/18 06:32,spirals-bears,e853272b-bf8e-41a0-b5a0-9d347947f4f6_03-18-week3-PASSING_AND_PASSING,426,0,1461,15,8,112,7,39,2068
356100260,JMRI/JMRI,30/08/18 06:36,spirals-bears,e853272b-bf8e-41a0-b5a0-9d347947f4f6_03-18-week3-PASSING_AND_PASSING,11,0,0,1395,0,105,0,2,6,150,1,290,123,300,2383
354910465,JMRI/JMRI,30/08/18 06:39,spirals-bears,e853272b-bf8e-41a0-b5a0-9d347947f4f6_03-18-week3-PASSING_AND_PASSING,310,0,0,7,203,8,528
356108839,apache/incubator-druid,30/08/18 06:47,spirals-bears,e853272b-bf8e-41a0-b5a0-9d347947f4f6_03-18-week3-PASSING_AND_PASSING,8,0,4,1457,1,1,61,0,1368,9,2,328,5,36,12,852,4144
353834105,JMRI/JMRI,30/08/18 07:05,spirals-bears,e853272b-bf8e-41a0-b5a0-9d347947f4f6_03-18-week3-PASSING_AND_PASSING,315,0,1376,1,12,110,8,29,1851
356159835,apache/nifi,30/08/18 07:06,spirals-bears,e853272b-bf8e-41a0-b5a0-9d347947f4f6_03-18-week3-PASSING_AND_PASSING,41,7,48
354148361,JMRI/JMRI,30/08/18 07:07,spirals-bears,e853272b-bf8e-41a0-b5a0-9d347947f4f6_03-18-week3-PASSING_AND_PASSING,301,0,1434,0,5,106,6,6,1858
354738089,apache/nifi,30/08/18 07:08,spirals-bears,e853272b-bf8e-41a0-b5a0-9d347947f4f6_03-18-week3-PASSING_AND_PASSING,33,6,39
353824744,JMRI/JMRI,30/08/18 07:11,spirals-bears,e853272b-bf8e-41a0-b5a0-9d347947f4f6_03-18-week3-PASSING_AND_PASSING,278,0,1470,0,6,106,3,6,1869
353651679,apache/nifi,30/08/18 07:13,spirals-bears,e853272b-bf8e-41a0-b5a0-9d347947f4f6_03-18-week3-PASSING_AND_PASSING,35,1,4,8,251,12,311
347739360,apache/nifi,30/08/18 07:14,spirals-bears,e853272b-bf8e-41a0-b5a0-9d347947f4f6_03-18-week3-PASSING_AND_PASSING,37,4,41
354584422,apache/nifi,30/08/18 07:15,spirals-bears,e853272b-bf8e-41a0-b5a0-9d347947f4f6_03-18-week3-PASSING_AND_PASSING,37,5,42
356506103,INRIA/spoon,30/08/18 07:16,spirals-bears,e853272b-bf8e-41a0-b5a0-9d347947f4f6_03-18-week3-PASSING_AND_PASSING,9,4,13
356066199,INRIA/spoon,30/08/18 07:16,spirals-bears,e853272b-bf8e-41a0-b5a0-9d347947f4f6_03-18-week3-PASSING_AND_PASSING,9,4,13
356008944,INRIA/spoon,30/08/18 07:16,spirals-bears,e853272b-bf8e-41a0-b5a0-9d347947f4f6_03-18-week3-PASSING_AND_PASSING,9,5,14
354948494,INRIA/spoon,30/08/18 07:17,spirals-bears,e853272b-bf8e-41a0-b5a0-9d347947f4f6_03-18-week3-PASSING_AND_PASSING,10,4,14
355781352,apache/nifi,30/08/18 07:20,spirals-bears,e853272b-bf8e-41a0-b5a0-9d347947f4f6_03-18-week3-PASSING_AND_PASSING,34,1,3,1,777,2,818
354651910,INRIA/spoon,30/08/18 07:20,spirals-bears,e853272b-bf8e-41a0-b5a0-9d347947f4f6_03-18-week3-PASSING_AND_PASSING,10,4,14
354649150,INRIA/spoon,30/08/18 07:21,spirals-bears,e853272b-bf8e-41a0-b5a0-9d347947f4f6_03-18-week3-PASSING_AND_PASSING,9,4,13
354469179,INRIA/spoon,30/08/18 07:21,spirals-bears,e853272b-bf8e-41a0-b5a0-9d347947f4f6_03-18-week3-PASSING_AND_PASSING,9,4,13
353511057,INRIA/spoon,30/08/18 07:21,spirals-bears,e853272b-bf8e-41a0-b5a0-9d347947f4f6_03-18-week3-PASSING_AND_PASSING,10,5,15
353589151,JMRI/JMRI,30/08/18 07:21,spirals-bears,e853272b-bf8e-41a0-b5a0-9d347947f4f6_03-18-week3-PASSING_AND_PASSING,13,0,0,1409,0,73,0,2,3,87,1,267,68,104,2027
356386018,EnMasseProject/enmasse,30/08/18 07:22,spirals-bears,e853272b-bf8e-41a0-b5a0-9d347947f4f6_03-18-week3-PASSING_AND_PASSING,28,0,28
355994956,EnMasseProject/enmasse,30/08/18 07:23,spirals-bears,e853272b-bf8e-41a0-b5a0-9d347947f4f6_03-18-week3-PASSING_AND_PASSING,28,0,28
356301628,EnMasseProject/enmasse,30/08/18 07:24,spirals-bears,e853272b-bf8e-41a0-b5a0-9d347947f4f6_03-18-week3-PASSING_AND_PASSING,29,0,29
356302005,EnMasseProject/enmasse,30/08/18 07:24,spirals-bears,e853272b-bf8e-41a0-b5a0-9d347947f4f6_03-18-week3-PASSING_AND_PASSING,26,2,28
356300893,EnMasseProject/enmasse,30/08/18 07:25,spirals-bears,e853272b-bf8e-41a0-b5a0-9d347947f4f6_03-18-week3-PASSING_AND_PASSING,28,0,28
355731404,EnMasseProject/enmasse,30/08/18 07:25,spirals-bears,e853272b-bf8e-41a0-b5a0-9d347947f4f6_03-18-week3-PASSING_AND_PASSING,26,0,26
355846199,EnMasseProject/enmasse,30/08/18 07:26,spirals-bears,e853272b-bf8e-41a0-b5a0-9d347947f4f6_03-18-week3-PASSING_AND_PASSING,27,3,30
355986513,EnMasseProject/enmasse,30/08/18 07:27,spirals-bears,e853272b-bf8e-41a0-b5a0-9d347947f4f6_03-18-week3-PASSING_AND_PASSING,28,0,28
355811411,EnMasseProject/enmasse,30/08/18 07:30,spirals-bears,e853272b-bf8e-41a0-b5a0-9d347947f4f6_03-18-week3-PASSING_AND_PASSING,27,0,91,1,1,85,0,1,206
354599793,apache/nifi,30/08/18 07:34,spirals-bears,e853272b-bf8e-41a0-b5a0-9d347947f4f6_03-18-week3-PASSING_AND_PASSING,36,1,3,7,1301,8,1356
355733646,EnMasseProject/enmasse,30/08/18 07:34,spirals-bears,e853272b-bf8e-41a0-b5a0-9d347947f4f6_03-18-week3-PASSING_AND_PASSING,24,0,24
355753787,EnMasseProject/enmasse,30/08/18 07:35,spirals-bears,e853272b-bf8e-41a0-b5a0-9d347947f4f6_03-18-week3-PASSING_AND_PASSING,25,0,95,3,1,116,0,0,240
355725195,EnMasseProject/enmasse,30/08/18 07:35,spirals-bears,e853272b-bf8e-41a0-b5a0-9d347947f4f6_03-18-week3-PASSING_AND_PASSING,25,0,25
355597305,EnMasseProject/enmasse,30/08/18 07:36,spirals-bears,e853272b-bf8e-41a0-b5a0-9d347947f4f6_03-18-week3-PASSING_AND_PASSING,27,0,27
354394733,INRIA/spoon,30/08/18 07:37,spirals-bears,e853272b-bf8e-41a0-b5a0-9d347947f4f6_03-18-week3-PASSING_AND_PASSING,8,0,0,523,0,0,4,0,535,0,0,18,0,12,5,69,1174
355720150,EnMasseProject/enmasse,30/08/18 07:38,spirals-bears,e853272b-bf8e-41a0-b5a0-9d347947f4f6_03-18-week3-PASSING_AND_PASSING,25,0,94,1,1,85,0,1,207
355350925,EnMasseProject/enmasse,30/08/18 07:39,spirals-bears,e853272b-bf8e-41a0-b5a0-9d347947f4f6_03-18-week3-PASSING_AND_PASSING,26,0,1,1,76,2,106
355354206,EnMasseProject/enmasse,30/08/18 07:39,spirals-bears,e853272b-bf8e-41a0-b5a0-9d347947f4f6_03-18-week3-PASSING_AND_PASSING,28,0,28
355719472,EnMasseProject/enmasse,30/08/18 07:39,spirals-bears,e853272b-bf8e-41a0-b5a0-9d347947f4f6_03-18-week3-PASSING_AND_PASSING,26,0,94,1,1,83,0,0,205
342254953,EnMasseProject/enmasse,30/08/18 07:40,spirals-bears,e853272b-bf8e-41a0-b5a0-9d347947f4f6_03-18-week3-PASSING_AND_PASSING,28,2,30
342254935,EnMasseProject/enmasse,30/08/18 07:40,spirals-bears,e853272b-bf8e-41a0-b5a0-9d347947f4f6_03-18-week3-PASSING_AND_PASSING,29,0,29
354394403,INRIA/spoon,30/08/18 07:41,spirals-bears,e853272b-bf8e-41a0-b5a0-9d347947f4f6_03-18-week3-PASSING_AND_PASSING,9,1,0,508,0,1,4,0,526,0,0,19,0,9,5,62,1144
354343207,EnMasseProject/enmasse,30/08/18 07:41,spirals-bears,e853272b-bf8e-41a0-b5a0-9d347947f4f6_03-18-week3-PASSING_AND_PASSING,28,0,28
354343778,EnMasseProject/enmasse,30/08/18 07:41,spirals-bears,e853272b-bf8e-41a0-b5a0-9d347947f4f6_03-18-week3-PASSING_AND_PASSING,34,3,37
354711047,EnMasseProject/enmasse,30/08/18 07:41,spirals-bears,e853272b-bf8e-41a0-b5a0-9d347947f4f6_03-18-week3-PASSING_AND_PASSING,27,0,2,4,4,37
355597206,EnMasseProject/enmasse,30/08/18 07:42,spirals-bears,e853272b-bf8e-41a0-b5a0-9d347947f4f6_03-18-week3-PASSING_AND_PASSING,27,0,101,2,1,89,0,0,220
354711033,EnMasseProject/enmasse,30/08/18 07:42,spirals-bears,e853272b-bf8e-41a0-b5a0-9d347947f4f6_03-18-week3-PASSING_AND_PASSING,28,0,1,0,1,30
354455353,EnMasseProject/enmasse,30/08/18 07:42,spirals-bears,e853272b-bf8e-41a0-b5a0-9d347947f4f6_03-18-week3-PASSING_AND_PASSING,32,2,34
354455327,EnMasseProject/enmasse,30/08/18 07:43,spirals-bears,e853272b-bf8e-41a0-b5a0-9d347947f4f6_03-18-week3-PASSING_AND_PASSING,31,0,31
354448929,EnMasseProject/enmasse,30/08/18 07:43,spirals-bears,e853272b-bf8e-41a0-b5a0-9d347947f4f6_03-18-week3-PASSING_AND_PASSING,27,2,29
354448945,EnMasseProject/enmasse,30/08/18 07:43,spirals-bears,e853272b-bf8e-41a0-b5a0-9d347947f4f6_03-18-week3-PASSING_AND_PASSING,30,0,30
354397950,EnMasseProject/enmasse,30/08/18 07:43,spirals-bears,e853272b-bf8e-41a0-b5a0-9d347947f4f6_03-18-week3-PASSING_AND_PASSING,37,0,37
354397993,EnMasseProject/enmasse,30/08/18 07:44,spirals-bears,e853272b-bf8e-41a0-b5a0-9d347947f4f6_03-18-week3-PASSING_AND_PASSING,29,2,31
354383524,EnMasseProject/enmasse,30/08/18 07:44,spirals-bears,e853272b-bf8e-41a0-b5a0-9d347947f4f6_03-18-week3-PASSING_AND_PASSING,29,3,32
355326719,EnMasseProject/enmasse,30/08/18 07:44,spirals-bears,e853272b-bf8e-41a0-b5a0-9d347947f4f6_03-18-week3-PASSING_AND_PASSING,27,0,99,1,1,95,0,0,223
354383881,EnMasseProject/enmasse,30/08/18 07:44,spirals-bears,e853272b-bf8e-41a0-b5a0-9d347947f4f6_03-18-week3-PASSING_AND_PASSING,35,0,35
353805010,EnMasseProject/enmasse,30/08/18 07:44,spirals-bears,e853272b-bf8e-41a0-b5a0-9d347947f4f6_03-18-week3-PASSING_AND_PASSING,28,2,30
354383924,EnMasseProject/enmasse,30/08/18 07:44,spirals-bears,e853272b-bf8e-41a0-b5a0-9d347947f4f6_03-18-week3-PASSING_AND_PASSING,32,2,34
354258021,EnMasseProject/enmasse,30/08/18 07:45,spirals-bears,e853272b-bf8e-41a0-b5a0-9d347947f4f6_03-18-week3-PASSING_AND_PASSING,32,0,2,0,1,35
353052605,EnMasseProject/enmasse,30/08/18 07:45,spirals-bears,e853272b-bf8e-41a0-b5a0-9d347947f4f6_03-18-week3-PASSING_AND_PASSING,35,2,37
354258088,EnMasseProject/enmasse,30/08/18 07:45,spirals-bears,e853272b-bf8e-41a0-b5a0-9d347947f4f6_03-18-week3-PASSING_AND_PASSING,30,0,1,5,4,40
354220984,EnMasseProject/enmasse,30/08/18 07:46,spirals-bears,e853272b-bf8e-41a0-b5a0-9d347947f4f6_03-18-week3-PASSING_AND_PASSING,28,0,28
353052043,EnMasseProject/enmasse,30/08/18 07:46,spirals-bears,e853272b-bf8e-41a0-b5a0-9d347947f4f6_03-18-week3-PASSING_AND_PASSING,29,0,29
354220997,EnMasseProject/enmasse,30/08/18 07:46,spirals-bears,e853272b-bf8e-41a0-b5a0-9d347947f4f6_03-18-week3-PASSING_AND_PASSING,28,4,32
354067559,EnMasseProject/enmasse,30/08/18 07:47,spirals-bears,e853272b-bf8e-41a0-b5a0-9d347947f4f6_03-18-week3-PASSING_AND_PASSING,27,4,31
350299766,EnMasseProject/enmasse,30/08/18 07:47,spirals-bears,e853272b-bf8e-41a0-b5a0-9d347947f4f6_03-18-week3-PASSING_AND_PASSING,31,0,2,5,4,42
350299727,EnMasseProject/enmasse,30/08/18 07:47,spirals-bears,e853272b-bf8e-41a0-b5a0-9d347947f4f6_03-18-week3-PASSING_AND_PASSING,29,0,1,0,0,30
354044927,EnMasseProject/enmasse,30/08/18 07:48,spirals-bears,e853272b-bf8e-41a0-b5a0-9d347947f4f6_03-18-week3-PASSING_AND_PASSING,28,0,28
354233449,EnMasseProject/enmasse,30/08/18 07:48,spirals-bears,e853272b-bf8e-41a0-b5a0-9d347947f4f6_03-18-week3-PASSING_AND_PASSING,32,0,2,2,49,0,85
354268847,EnMasseProject/enmasse,30/08/18 07:48,spirals-bears,e853272b-bf8e-41a0-b5a0-9d347947f4f6_03-18-week3-PASSING_AND_PASSING,30,0,103,2,1,98,0,0,234
353790404,EnMasseProject/enmasse,30/08/18 07:48,spirals-bears,e853272b-bf8e-41a0-b5a0-9d347947f4f6_03-18-week3-PASSING_AND_PASSING,30,0,30
354043530,EnMasseProject/enmasse,30/08/18 07:48,spirals-bears,e853272b-bf8e-41a0-b5a0-9d347947f4f6_03-18-week3-PASSING_AND_PASSING,33,3,36
354037724,EnMasseProject/enmasse,30/08/18 07:48,spirals-bears,e853272b-bf8e-41a0-b5a0-9d347947f4f6_03-18-week3-PASSING_AND_PASSING,29,3,32
353732490,EnMasseProject/enmasse,30/08/18 07:49,spirals-bears,e853272b-bf8e-41a0-b5a0-9d347947f4f6_03-18-week3-PASSING_AND_PASSING,31,0,2,0,0,33
354038089,EnMasseProject/enmasse,30/08/18 07:49,spirals-bears,e853272b-bf8e-41a0-b5a0-9d347947f4f6_03-18-week3-PASSING_AND_PASSING,30,3,33
353753896,EnMasseProject/enmasse,30/08/18 07:49,spirals-bears,e853272b-bf8e-41a0-b5a0-9d347947f4f6_03-18-week3-PASSING_AND_PASSING,33,0,33
353503264,EnMasseProject/enmasse,30/08/18 07:49,spirals-bears,e853272b-bf8e-41a0-b5a0-9d347947f4f6_03-18-week3-PASSING_AND_PASSING,31,0,2,6,4,43
353510025,EnMasseProject/enmasse,30/08/18 07:50,spirals-bears,e853272b-bf8e-41a0-b5a0-9d347947f4f6_03-18-week3-PASSING_AND_PASSING,31,0,31
353510094,EnMasseProject/enmasse,30/08/18 07:50,spirals-bears,e853272b-bf8e-41a0-b5a0-9d347947f4f6_03-18-week3-PASSING_AND_PASSING,28,3,31
353753923,EnMasseProject/enmasse,30/08/18 07:50,spirals-bears,e853272b-bf8e-41a0-b5a0-9d347947f4f6_03-18-week3-PASSING_AND_PASSING,37,3,40
353503180,EnMasseProject/enmasse,30/08/18 07:50,spirals-bears,e853272b-bf8e-41a0-b5a0-9d347947f4f6_03-18-week3-PASSING_AND_PASSING,32,0,32
353503230,EnMasseProject/enmasse,30/08/18 07:50,spirals-bears,e853272b-bf8e-41a0-b5a0-9d347947f4f6_03-18-week3-PASSING_AND_PASSING,27,0,27
353503213,EnMasseProject/enmasse,30/08/18 07:51,spirals-bears,e853272b-bf8e-41a0-b5a0-9d347947f4f6_03-18-week3-PASSING_AND_PASSING,37,2,39
353289277,EnMasseProject/enmasse,30/08/18 07:51,spirals-bears,e853272b-bf8e-41a0-b5a0-9d347947f4f6_03-18-week3-PASSING_AND_PASSING,37,0,2,0,1,40
353289303,EnMasseProject/enmasse,30/08/18 07:51,spirals-bears,e853272b-bf8e-41a0-b5a0-9d347947f4f6_03-18-week3-PASSING_AND_PASSING,36,0,2,4,4,46
355740574,batfish/batfish,30/08/18 07:52,spirals-bears,e853272b-bf8e-41a0-b5a0-9d347947f4f6_03-18-week3-PASSING_AND_PASSING,59,0,1,0,1,61
355258346,batfish/batfish,30/08/18 07:52,spirals-bears,e853272b-bf8e-41a0-b5a0-9d347947f4f6_03-18-week3-PASSING_AND_PASSING,52,3,55
355270306,batfish/batfish,30/08/18 07:52,spirals-bears,e853272b-bf8e-41a0-b5a0-9d347947f4f6_03-18-week3-PASSING_AND_PASSING,76,0,76
354604862,batfish/batfish,30/08/18 07:53,spirals-bears,e853272b-bf8e-41a0-b5a0-9d347947f4f6_03-18-week3-PASSING_AND_PASSING,50,0,1,0,2,53
354605480,batfish/batfish,30/08/18 07:53,spirals-bears,e853272b-bf8e-41a0-b5a0-9d347947f4f6_03-18-week3-PASSING_AND_PASSING,50,0,0,4,4,58
353968971,batfish/batfish,30/08/18 07:55,spirals-bears,e853272b-bf8e-41a0-b5a0-9d347947f4f6_03-18-week3-PASSING_AND_PASSING,55,3,58
355270343,batfish/batfish,30/08/18 07:55,spirals-bears,e853272b-bf8e-41a0-b5a0-9d347947f4f6_03-18-week3-PASSING_AND_PASSING,56,0,1,7,189,5,258
353582470,batfish/batfish,30/08/18 07:55,spirals-bears,e853272b-bf8e-41a0-b5a0-9d347947f4f6_03-18-week3-PASSING_AND_PASSING,48,0,48
355162480,batfish/batfish,30/08/18 07:56,spirals-bears,e853272b-bf8e-41a0-b5a0-9d347947f4f6_03-18-week3-PASSING_AND_PASSING,54,0,0,0,193,1,248
354527962,batfish/batfish,30/08/18 07:57,spirals-bears,e853272b-bf8e-41a0-b5a0-9d347947f4f6_03-18-week3-PASSING_AND_PASSING,57,0,0,0,45,1,103
354460535,batfish/batfish,30/08/18 07:57,spirals-bears,e853272b-bf8e-41a0-b5a0-9d347947f4f6_03-18-week3-PASSING_AND_PASSING,64,3,67
355076812,batfish/batfish,30/08/18 07:58,spirals-bears,e853272b-bf8e-41a0-b5a0-9d347947f4f6_03-18-week3-PASSING_AND_PASSING,49,0,2,0,209,1,261
354460495,batfish/batfish,30/08/18 07:58,spirals-bears,e853272b-bf8e-41a0-b5a0-9d347947f4f6_03-18-week3-PASSING_AND_PASSING,60,0,60
354449280,batfish/batfish,30/08/18 07:59,spirals-bears,e853272b-bf8e-41a0-b5a0-9d347947f4f6_03-18-week3-PASSING_AND_PASSING,56,3,59
354449271,batfish/batfish,30/08/18 07:59,spirals-bears,e853272b-bf8e-41a0-b5a0-9d347947f4f6_03-18-week3-PASSING_AND_PASSING,52,0,52
354448520,batfish/batfish,30/08/18 07:59,spirals-bears,e853272b-bf8e-41a0-b5a0-9d347947f4f6_03-18-week3-PASSING_AND_PASSING,53,2,55
354448502,batfish/batfish,30/08/18 08:00,spirals-bears,e853272b-bf8e-41a0-b5a0-9d347947f4f6_03-18-week3-PASSING_AND_PASSING,53,0,53
353673595,batfish/batfish,30/08/18 08:00,spirals-bears,e853272b-bf8e-41a0-b5a0-9d347947f4f6_03-18-week3-PASSING_AND_PASSING,52,4,56
354392508,batfish/batfish,30/08/18 08:00,spirals-bears,e853272b-bf8e-41a0-b5a0-9d347947f4f6_03-18-week3-PASSING_AND_PASSING,52,0,0,0,201,2,255
348592732,matsim-org/matsim,30/08/18 08:04,spirals-bears,e853272b-bf8e-41a0-b5a0-9d347947f4f6_03-18-week3-PASSING_AND_PASSING,171,0,1,2,70,3,247
350065037,matsim-org/matsim,30/08/18 08:04,spirals-bears,e853272b-bf8e-41a0-b5a0-9d347947f4f6_03-18-week3-PASSING_AND_PASSING,156,0,1,7,69,6,239
339018855,matsim-org/matsim,30/08/18 08:05,spirals-bears,e853272b-bf8e-41a0-b5a0-9d347947f4f6_03-18-week3-PASSING_AND_PASSING,259,0,1,1,70,1,332
356332017,apache/incubator-servicecomb-java-chassis,30/08/18 08:05,spirals-bears,e853272b-bf8e-41a0-b5a0-9d347947f4f6_03-18-week3-PASSING_AND_PASSING,9,4,13
355991350,apache/incubator-servicecomb-java-chassis,30/08/18 08:06,spirals-bears,e853272b-bf8e-41a0-b5a0-9d347947f4f6_03-18-week3-PASSING_AND_PASSING,10,3,13
355332571,apache/incubator-servicecomb-java-chassis,30/08/18 08:06,spirals-bears,e853272b-bf8e-41a0-b5a0-9d347947f4f6_03-18-week3-PASSING_AND_PASSING,10,5,15
353812433,apache/incubator-servicecomb-java-chassis,30/08/18 08:08,spirals-bears,e853272b-bf8e-41a0-b5a0-9d347947f4f6_03-18-week3-PASSING_AND_PASSING,9,2,5,0,47,1,64
350064975,matsim-org/matsim,30/08/18 08:11,spirals-bears,e853272b-bf8e-41a0-b5a0-9d347947f4f6_03-18-week3-PASSING_AND_PASSING,321,0,1,2,63,2,389
353768861,apache/incubator-servicecomb-java-chassis,30/08/18 08:12,spirals-bears,e853272b-bf8e-41a0-b5a0-9d347947f4f6_03-18-week3-PASSING_AND_PASSING,8,1,6,0,53,0,68
353768548,apache/incubator-servicecomb-java-chassis,30/08/18 08:13,spirals-bears,e853272b-bf8e-41a0-b5a0-9d347947f4f6_03-18-week3-PASSING_AND_PASSING,9,1,5,0,31,1,47
352165448,apache/incubator-servicecomb-java-chassis,30/08/18 08:13,spirals-bears,e853272b-bf8e-41a0-b5a0-9d347947f4f6_03-18-week3-PASSING_AND_PASSING,10,3,13
355862643,runelite/runelite,30/08/18 08:14,spirals-bears,e853272b-bf8e-41a0-b5a0-9d347947f4f6_03-18-week3-PASSING_AND_PASSING,12,0,12
356109158,runelite/runelite,30/08/18 08:14,spirals-bears,e853272b-bf8e-41a0-b5a0-9d347947f4f6_03-18-week3-PASSING_AND_PASSING,10,14,24
356099925,runelite/runelite,30/08/18 08:17,spirals-bears,e853272b-bf8e-41a0-b5a0-9d347947f4f6_03-18-week3-PASSING_AND_PASSING,12,0,0,4,95,14,125
355851098,runelite/runelite,30/08/18 08:17,spirals-bears,e853272b-bf8e-41a0-b5a0-9d347947f4f6_03-18-week3-PASSING_AND_PASSING,11,0,11
353963500,runelite/runelite,30/08/18 08:17,spirals-bears,e853272b-bf8e-41a0-b5a0-9d347947f4f6_03-18-week3-PASSING_AND_PASSING,11,0,11
344450885,runelite/runelite,30/08/18 08:18,spirals-bears,e853272b-bf8e-41a0-b5a0-9d347947f4f6_03-18-week3-PASSING_AND_PASSING,10,14,24
353773692,apache/incubator-servicecomb-java-chassis,30/08/18 08:18,spirals-bears,e853272b-bf8e-41a0-b5a0-9d347947f4f6_03-18-week3-PASSING_AND_PASSING,9,1,382,5,0,201,1,1,600
354558423,runelite/runelite,30/08/18 08:18,spirals-bears,e853272b-bf8e-41a0-b5a0-9d347947f4f6_03-18-week3-PASSING_AND_PASSING,10,0,10
354610921,runelite/runelite,30/08/18 08:18,spirals-bears,e853272b-bf8e-41a0-b5a0-9d347947f4f6_03-18-week3-PASSING_AND_PASSING,10,0,10
354556558,runelite/runelite,30/08/18 08:19,spirals-bears,e853272b-bf8e-41a0-b5a0-9d347947f4f6_03-18-week3-PASSING_AND_PASSING,11,0,11
354611291,runelite/runelite,30/08/18 08:19,spirals-bears,e853272b-bf8e-41a0-b5a0-9d347947f4f6_03-18-week3-PASSING_AND_PASSING,11,0,11
354885382,runelite/runelite,30/08/18 08:19,spirals-bears,e853272b-bf8e-41a0-b5a0-9d347947f4f6_03-18-week3-PASSING_AND_PASSING,10,0,10
354047173,runelite/runelite,30/08/18 08:19,spirals-bears,e853272b-bf8e-41a0-b5a0-9d347947f4f6_03-18-week3-PASSING_AND_PASSING,11,13,24
355028129,runelite/runelite,30/08/18 08:19,spirals-bears,e853272b-bf8e-41a0-b5a0-9d347947f4f6_03-18-week3-PASSING_AND_PASSING,11,0,11
355037461,runelite/runelite,30/08/18 08:20,spirals-bears,e853272b-bf8e-41a0-b5a0-9d347947f4f6_03-18-week3-PASSING_AND_PASSING,11,0,11
354895128,runelite/runelite,30/08/18 08:20,spirals-bears,e853272b-bf8e-41a0-b5a0-9d347947f4f6_03-18-week3-PASSING_AND_PASSING,10,0,10
353247560,runelite/runelite,30/08/18 08:20,spirals-bears,e853272b-bf8e-41a0-b5a0-9d347947f4f6_03-18-week3-PASSING_AND_PASSING,11,0,11
354857082,runelite/runelite,30/08/18 08:20,spirals-bears,e853272b-bf8e-41a0-b5a0-9d347947f4f6_03-18-week3-PASSING_AND_PASSING,10,0,10
354882622,runelite/runelite,30/08/18 08:20,spirals-bears,e853272b-bf8e-41a0-b5a0-9d347947f4f6_03-18-week3-PASSING_AND_PASSING,11,0,11
354874634,runelite/runelite,30/08/18 08:20,spirals-bears,e853272b-bf8e-41a0-b5a0-9d347947f4f6_03-18-week3-PASSING_AND_PASSING,10,0,10
354873699,runelite/runelite,30/08/18 08:21,spirals-bears,e853272b-bf8e-41a0-b5a0-9d347947f4f6_03-18-week3-PASSING_AND_PASSING,12,0,12
354736307,runelite/runelite,30/08/18 08:21,spirals-bears,e853272b-bf8e-41a0-b5a0-9d347947f4f6_03-18-week3-PASSING_AND_PASSING,12,0,12
354590682,runelite/runelite,30/08/18 08:21,spirals-bears,e853272b-bf8e-41a0-b5a0-9d347947f4f6_03-18-week3-PASSING_AND_PASSING,11,0,11
342400673,runelite/runelite,30/08/18 08:21,spirals-bears,e853272b-bf8e-41a0-b5a0-9d347947f4f6_03-18-week3-PASSING_AND_PASSING,11,0,11
354585010,runelite/runelite,30/08/18 08:21,spirals-bears,e853272b-bf8e-41a0-b5a0-9d347947f4f6_03-18-week3-PASSING_AND_PASSING,11,0,11
354544585,runelite/runelite,30/08/18 08:21,spirals-bears,e853272b-bf8e-41a0-b5a0-9d347947f4f6_03-18-week3-PASSING_AND_PASSING,11,0,11
354544167,runelite/runelite,30/08/18 08:22,spirals-bears,e853272b-bf8e-41a0-b5a0-9d347947f4f6_03-18-week3-PASSING_AND_PASSING,11,0,11
351082778,runelite/runelite,30/08/18 08:22,spirals-bears,e853272b-bf8e-41a0-b5a0-9d347947f4f6_03-18-week3-PASSING_AND_PASSING,14,0,14
351082698,runelite/runelite,30/08/18 08:22,spirals-bears,e853272b-bf8e-41a0-b5a0-9d347947f4f6_03-18-week3-PASSING_AND_PASSING,12,0,12
354536936,runelite/runelite,30/08/18 08:22,spirals-bears,e853272b-bf8e-41a0-b5a0-9d347947f4f6_03-18-week3-PASSING_AND_PASSING,12,0,12
351668558,runelite/runelite,30/08/18 08:22,spirals-bears,e853272b-bf8e-41a0-b5a0-9d347947f4f6_03-18-week3-PASSING_AND_PASSING,12,0,12
353637352,runelite/runelite,30/08/18 08:22,spirals-bears,e853272b-bf8e-41a0-b5a0-9d347947f4f6_03-18-week3-PASSING_AND_PASSING,12,1,13
353486172,runelite/runelite,30/08/18 08:23,spirals-bears,e853272b-bf8e-41a0-b5a0-9d347947f4f6_03-18-week3-PASSING_AND_PASSING,10,0,10
353891642,runelite/runelite,30/08/18 08:23,spirals-bears,e853272b-bf8e-41a0-b5a0-9d347947f4f6_03-18-week3-PASSING_AND_PASSING,13,0,13
353155456,runelite/runelite,30/08/18 08:23,spirals-bears,e853272b-bf8e-41a0-b5a0-9d347947f4f6_03-18-week3-PASSING_AND_PASSING,11,0,11
353499739,runelite/runelite,30/08/18 08:23,spirals-bears,e853272b-bf8e-41a0-b5a0-9d347947f4f6_03-18-week3-PASSING_AND_PASSING,11,12,23
353881646,runelite/runelite,30/08/18 08:24,spirals-bears,e853272b-bf8e-41a0-b5a0-9d347947f4f6_03-18-week3-PASSING_AND_PASSING,10,0,10
353912814,runelite/runelite,30/08/18 08:24,spirals-bears,e853272b-bf8e-41a0-b5a0-9d347947f4f6_03-18-week3-PASSING_AND_PASSING,11,0,0,4,14,29
351257869,runelite/runelite,30/08/18 08:24,spirals-bears,e853272b-bf8e-41a0-b5a0-9d347947f4f6_03-18-week3-PASSING_AND_PASSING,12,14,26
352047240,runelite/runelite,30/08/18 08:24,spirals-bears,e853272b-bf8e-41a0-b5a0-9d347947f4f6_03-18-week3-PASSING_AND_PASSING,11,0,0,4,16,31
353797326,runelite/runelite,30/08/18 08:25,spirals-bears,e853272b-bf8e-41a0-b5a0-9d347947f4f6_03-18-week3-PASSING_AND_PASSING,11,0,11
301445053,matsim-org/matsim,30/08/18 08:25,spirals-bears,e853272b-bf8e-41a0-b5a0-9d347947f4f6_03-18-week3-PASSING_AND_PASSING,153,0,0,1,1327,2,1483
355691064,terasolunaorg/tutorial-apps,30/08/18 08:25,spirals-bears,e853272b-bf8e-41a0-b5a0-9d347947f4f6_03-18-week3-PASSING_AND_PASSING,6,0,0,6
355237867,terasolunaorg/tutorial-apps,30/08/18 08:25,spirals-bears,e853272b-bf8e-41a0-b5a0-9d347947f4f6_03-18-week3-PASSING_AND_PASSING,4,0,0,4
355238235,terasolunaorg/tutorial-apps,30/08/18 08:25,spirals-bears,e853272b-bf8e-41a0-b5a0-9d347947f4f6_03-18-week3-PASSING_AND_PASSING,4,0,0,4
355237686,terasolunaorg/tutorial-apps,30/08/18 08:25,spirals-bears,e853272b-bf8e-41a0-b5a0-9d347947f4f6_03-18-week3-PASSING_AND_PASSING,4,0,0,4
349172015,terasolunaorg/tutorial-apps,30/08/18 08:25,spirals-bears,e853272b-bf8e-41a0-b5a0-9d347947f4f6_03-18-week3-PASSING_AND_PASSING,4,0,0,4
349171768,terasolunaorg/tutorial-apps,30/08/18 08:25,spirals-bears,e853272b-bf8e-41a0-b5a0-9d347947f4f6_03-18-week3-PASSING_AND_PASSING,4,0,0,4
351242229,terasolunaorg/tutorial-apps,30/08/18 08:25,spirals-bears,e853272b-bf8e-41a0-b5a0-9d347947f4f6_03-18-week3-PASSING_AND_PASSING,4,0,0,4
352652199,terasolunaorg/tutorial-apps,30/08/18 08:25,spirals-bears,e853272b-bf8e-41a0-b5a0-9d347947f4f6_03-18-week3-PASSING_AND_PASSING,4,0,0,4
353209840,terasolunaorg/tutorial-apps,30/08/18 08:25,spirals-bears,e853272b-bf8e-41a0-b5a0-9d347947f4f6_03-18-week3-PASSING_AND_PASSING,4,0,0,4
353646373,terasolunaorg/tutorial-apps,30/08/18 08:25,spirals-bears,e853272b-bf8e-41a0-b5a0-9d347947f4f6_03-18-week3-PASSING_AND_PASSING,4,0,0,4
353643993,terasolunaorg/tutorial-apps,30/08/18 08:26,spirals-bears,e853272b-bf8e-41a0-b5a0-9d347947f4f6_03-18-week3-PASSING_AND_PASSING,4,0,0,4
356302841,CorfuDB/CorfuDB,30/08/18 08:30,spirals-bears,e853272b-bf8e-41a0-b5a0-9d347947f4f6_03-18-week3-PASSING_AND_PASSING,243,3,246
356302881,CorfuDB/CorfuDB,30/08/18 08:30,spirals-bears,e853272b-bf8e-41a0-b5a0-9d347947f4f6_03-18-week3-PASSING_AND_PASSING,242,0,242
353503513,CorfuDB/CorfuDB,30/08/18 08:30,spirals-bears,e853272b-bf8e-41a0-b5a0-9d347947f4f6_03-18-week3-PASSING_AND_PASSING,285,0,285
353313927,matsim-org/matsim,30/08/18 08:33,spirals-bears,e853272b-bf8e-41a0-b5a0-9d347947f4f6_03-18-week3-PASSING_AND_PASSING,165,0,0,1,1561,3,1730
354541005,CorfuDB/CorfuDB,30/08/18 08:34,spirals-bears,e853272b-bf8e-41a0-b5a0-9d347947f4f6_03-18-week3-PASSING_AND_PASSING,242,0,242
353503527,CorfuDB/CorfuDB,30/08/18 08:34,spirals-bears,e853272b-bf8e-41a0-b5a0-9d347947f4f6_03-18-week3-PASSING_AND_PASSING,244,3,247
354524381,CorfuDB/CorfuDB,30/08/18 08:37,spirals-bears,e853272b-bf8e-41a0-b5a0-9d347947f4f6_03-18-week3-PASSING_AND_PASSING,241,3,244
354502843,CorfuDB/CorfuDB,30/08/18 08:38,spirals-bears,e853272b-bf8e-41a0-b5a0-9d347947f4f6_03-18-week3-PASSING_AND_PASSING,242,2,244
354183437,CorfuDB/CorfuDB,30/08/18 08:41,spirals-bears,e853272b-bf8e-41a0-b5a0-9d347947f4f6_03-18-week3-PASSING_AND_PASSING,245,0,0,0,147,0,392
354502839,CorfuDB/CorfuDB,30/08/18 08:42,spirals-bears,e853272b-bf8e-41a0-b5a0-9d347947f4f6_03-18-week3-PASSING_AND_PASSING,248,0,248
354489921,CorfuDB/CorfuDB,30/08/18 08:43,spirals-bears,e853272b-bf8e-41a0-b5a0-9d347947f4f6_03-18-week3-PASSING_AND_PASSING,250,5,255
354489891,CorfuDB/CorfuDB,30/08/18 08:45,spirals-bears,e853272b-bf8e-41a0-b5a0-9d347947f4f6_03-18-week3-PASSING_AND_PASSING,255,0,255
354497519,CorfuDB/CorfuDB,30/08/18 08:47,spirals-bears,e853272b-bf8e-41a0-b5a0-9d347947f4f6_03-18-week3-PASSING_AND_PASSING,288,0,288
354130929,CorfuDB/CorfuDB,30/08/18 08:49,spirals-bears,e853272b-bf8e-41a0-b5a0-9d347947f4f6_03-18-week3-PASSING_AND_PASSING,349,0,349
354184295,CorfuDB/CorfuDB,30/08/18 08:49,spirals-bears,e853272b-bf8e-41a0-b5a0-9d347947f4f6_03-18-week3-PASSING_AND_PASSING,252,0,252
354131140,CorfuDB/CorfuDB,30/08/18 08:52,spirals-bears,e853272b-bf8e-41a0-b5a0-9d347947f4f6_03-18-week3-PASSING_AND_PASSING,286,3,289
354132649,CorfuDB/CorfuDB,30/08/18 08:53,spirals-bears,e853272b-bf8e-41a0-b5a0-9d347947f4f6_03-18-week3-PASSING_AND_PASSING,266,3,269
354132645,CorfuDB/CorfuDB,30/08/18 08:57,spirals-bears,e853272b-bf8e-41a0-b5a0-9d347947f4f6_03-18-week3-PASSING_AND_PASSING,319,0,319
354162893,CorfuDB/CorfuDB,30/08/18 08:57,spirals-bears,e853272b-bf8e-41a0-b5a0-9d347947f4f6_03-18-week3-PASSING_AND_PASSING,248,0,248
353487315,CorfuDB/CorfuDB,30/08/18 09:01,spirals-bears,e853272b-bf8e-41a0-b5a0-9d347947f4f6_03-18-week3-PASSING_AND_PASSING,251,3,254
354533628,CorfuDB/CorfuDB,30/08/18 09:02,spirals-bears,e853272b-bf8e-41a0-b5a0-9d347947f4f6_03-18-week3-PASSING_AND_PASSING,8,0,0,687,0,0,3,0,679,0,0,76,0,238,3,164,1858
353520416,CorfuDB/CorfuDB,30/08/18 09:02,spirals-bears,e853272b-bf8e-41a0-b5a0-9d347947f4f6_03-18-week3-PASSING_AND_PASSING,260,0,260
353498229,CorfuDB/CorfuDB,30/08/18 09:06,spirals-bears,e853272b-bf8e-41a0-b5a0-9d347947f4f6_03-18-week3-PASSING_AND_PASSING,248,0,248
354039511,CorfuDB/CorfuDB,30/08/18 09:06,spirals-bears,e853272b-bf8e-41a0-b5a0-9d347947f4f6_03-18-week3-PASSING_AND_PASSING,247,3,250
355156289,apache/storm,30/08/18 09:07,spirals-bears,e853272b-bf8e-41a0-b5a0-9d347947f4f6_03-18-week3-PASSING_AND_PASSING,41,6,47
355564119,apache/storm,30/08/18 09:08,spirals-bears,e853272b-bf8e-41a0-b5a0-9d347947f4f6_03-18-week3-PASSING_AND_PASSING,43,0,2,5,5,55
353514621,CorfuDB/CorfuDB,30/08/18 09:09,spirals-bears,e853272b-bf8e-41a0-b5a0-9d347947f4f6_03-18-week3-PASSING_AND_PASSING,271,0,0,0,160,1,432
350041252,apache/storm,30/08/18 09:09,spirals-bears,e853272b-bf8e-41a0-b5a0-9d347947f4f6_03-18-week3-PASSING_AND_PASSING,41,3,44
352925063,apache/storm,30/08/18 09:10,spirals-bears,e853272b-bf8e-41a0-b5a0-9d347947f4f6_03-18-week3-PASSING_AND_PASSING,38,0,2,5,6,51
353498875,CorfuDB/CorfuDB,30/08/18 09:11,spirals-bears,e853272b-bf8e-41a0-b5a0-9d347947f4f6_03-18-week3-PASSING_AND_PASSING,311,0,311
356002367,linkedin/pinot,30/08/18 09:12,spirals-bears,e853272b-bf8e-41a0-b5a0-9d347947f4f6_03-18-week3-PASSING_AND_PASSING,40,7,47
354126926,CorfuDB/CorfuDB,30/08/18 09:22,spirals-bears,e853272b-bf8e-41a0-b5a0-9d347947f4f6_03-18-week3-PASSING_AND_PASSING,10,0,0,720,0,0,3,0,724,0,0,87,0,246,3,163,1956
355983211,linkedin/pinot,30/08/18 09:23,spirals-bears,e853272b-bf8e-41a0-b5a0-9d347947f4f6_03-18-week3-PASSING_AND_PASSING,37,4,41
353844636,apache/activemq-artemis,30/08/18 09:23,spirals-bears,e853272b-bf8e-41a0-b5a0-9d347947f4f6_03-18-week3-PASSING_AND_PASSING,27,0,276,1,0,451,0,1,756
332090115,linkedin/pinot,30/08/18 09:24,spirals-bears,e853272b-bf8e-41a0-b5a0-9d347947f4f6_03-18-week3-PASSING_AND_PASSING,36,0,0,5,5,46
333078969,linkedin/pinot,30/08/18 09:25,spirals-bears,e853272b-bf8e-41a0-b5a0-9d347947f4f6_03-18-week3-PASSING_AND_PASSING,74,3,77
351135689,linkedin/pinot,30/08/18 09:25,spirals-bears,e853272b-bf8e-41a0-b5a0-9d347947f4f6_03-18-week3-PASSING_AND_PASSING,34,4,38
351518164,linkedin/pinot,30/08/18 09:26,spirals-bears,e853272b-bf8e-41a0-b5a0-9d347947f4f6_03-18-week3-PASSING_AND_PASSING,60,3,63
353928967,linkedin/pinot,30/08/18 09:27,spirals-bears,e853272b-bf8e-41a0-b5a0-9d347947f4f6_03-18-week3-PASSING_AND_PASSING,37,4,41
353608600,linkedin/pinot,30/08/18 09:27,spirals-bears,e853272b-bf8e-41a0-b5a0-9d347947f4f6_03-18-week3-PASSING_AND_PASSING,35,4,39
353604365,linkedin/pinot,30/08/18 09:34,spirals-bears,e853272b-bf8e-41a0-b5a0-9d347947f4f6_03-18-week3-PASSING_AND_PASSING,103,0,0,1,249,2,355
355471652,apache/storm,30/08/18 09:51,spirals-bears,e853272b-bf8e-41a0-b5a0-9d347947f4f6_03-18-week3-PASSING_AND_PASSING,18,0,3,574,0,1,13,0,613,7,0,539,3,39,19,681,2510
356056602,linkedin/pinot,30/08/18 10:17,spirals-bears,e853272b-bf8e-41a0-b5a0-9d347947f4f6_03-18-week3-PASSING_AND_PASSING,37,0,3385,0,1,437,1,2,3863
356150705,Azure/azure-libraries-for-java,30/08/18 10:18,spirals-bears,e853272b-bf8e-41a0-b5a0-9d347947f4f6_03-18-week3-PASSING_AND_PASSING,69,4,73
355662285,Azure/azure-libraries-for-java,30/08/18 10:23,spirals-bears,e853272b-bf8e-41a0-b5a0-9d347947f4f6_03-18-week3-PASSING_AND_PASSING,72,0,0,1,182,3,258
353552947,Azure/azure-libraries-for-java,30/08/18 10:24,spirals-bears,e853272b-bf8e-41a0-b5a0-9d347947f4f6_03-18-week3-PASSING_AND_PASSING,62,3,65
352968316,Azure/azure-libraries-for-java,30/08/18 10:25,spirals-bears,e853272b-bf8e-41a0-b5a0-9d347947f4f6_03-18-week3-PASSING_AND_PASSING,77,0,77
354630270,Azure/azure-libraries-for-java,30/08/18 10:36,spirals-bears,e853272b-bf8e-41a0-b5a0-9d347947f4f6_03-18-week3-PASSING_AND_PASSING,59,0,0,114,0,0,18,0,98,1,0,88,0,64,19,175,636
354604222,Azure/azure-libraries-for-java,30/08/18 10:40,spirals-bears,e853272b-bf8e-41a0-b5a0-9d347947f4f6_03-18-week3-PASSING_AND_PASSING,75,0,1,2,137,4,219
354579547,Azure/azure-libraries-for-java,30/08/18 10:44,spirals-bears,e853272b-bf8e-41a0-b5a0-9d347947f4f6_03-18-week3-PASSING_AND_PASSING,64,0,0,1,151,4,220
355239846,graphhopper/graphhopper,30/08/18 10:49,spirals-bears,e853272b-bf8e-41a0-b5a0-9d347947f4f6_03-18-week3-PASSING_AND_PASSING,17,0,96,0,0,133,0,1,247
354399253,linkedin/pinot,30/08/18 10:49,spirals-bears,e853272b-bf8e-41a0-b5a0-9d347947f4f6_03-18-week3-PASSING_AND_PASSING,12,32,0,0,19,841,0,1,23,0,3392,0,0,0,93,0,36,66,37,448,5000
343778608,graphhopper/graphhopper,30/08/18 10:51,spirals-bears,e853272b-bf8e-41a0-b5a0-9d347947f4f6_03-18-week3-PASSING_AND_PASSING,19,0,0,5,92,4,120
352451618,graphhopper/graphhopper,30/08/18 10:53,spirals-bears,e853272b-bf8e-41a0-b5a0-9d347947f4f6_03-18-week3-PASSING_AND_PASSING,20,0,81,1,4,129,0,6,241
343778594,graphhopper/graphhopper,30/08/18 10:53,spirals-bears,e853272b-bf8e-41a0-b5a0-9d347947f4f6_03-18-week3-PASSING_AND_PASSING,23,0,0,0,95,1,119
355125170,graphhopper/graphhopper,30/08/18 10:53,spirals-bears,e853272b-bf8e-41a0-b5a0-9d347947f4f6_03-18-week3-PASSING_AND_PASSING,17,0,17
353567446,linkedin/pinot,30/08/18 10:57,spirals-bears,e853272b-bf8e-41a0-b5a0-9d347947f4f6_03-18-week3-PASSING_AND_PASSING,37,0,3438,0,1,442,1,1,3920
355065224,graphhopper/graphhopper,30/08/18 10:57,spirals-bears,e853272b-bf8e-41a0-b5a0-9d347947f4f6_03-18-week3-PASSING_AND_PASSING,17,0,89,0,1,123,0,0,230
353584108,linkedin/pinot,30/08/18 10:57,spirals-bears,e853272b-bf8e-41a0-b5a0-9d347947f4f6_03-18-week3-PASSING_AND_PASSING,10,35,0,0,18,886,0,0,35,0,3380,0,0,0,97,0,35,47,32,422,4997
355033191,graphhopper/graphhopper,30/08/18 10:57,spirals-bears,e853272b-bf8e-41a0-b5a0-9d347947f4f6_03-18-week3-PASSING_AND_PASSING,17,0,90,0,0,132,0,1,240
354244131,graphhopper/graphhopper,30/08/18 11:01,spirals-bears,e853272b-bf8e-41a0-b5a0-9d347947f4f6_03-18-week3-PASSING_AND_PASSING,26,0,83,0,0,130,0,0,239
350791169,graphhopper/graphhopper,30/08/18 11:01,spirals-bears,e853272b-bf8e-41a0-b5a0-9d347947f4f6_03-18-week3-PASSING_AND_PASSING,20,0,85,0,0,133,0,1,239
354756747,lettuce-io/lettuce-core,30/08/18 11:02,spirals-bears,e853272b-bf8e-41a0-b5a0-9d347947f4f6_03-18-week3-PASSING_AND_PASSING,7,0,0,0,45,0,52
352239332,lettuce-io/lettuce-core,30/08/18 11:03,spirals-bears,e853272b-bf8e-41a0-b5a0-9d347947f4f6_03-18-week3-PASSING_AND_PASSING,8,0,21,1,0,51,0,0,81
355512679,HubSpot/Singularity,30/08/18 11:22,spirals-bears,e853272b-bf8e-41a0-b5a0-9d347947f4f6_03-18-week3-PASSING_AND_PASSING,20,0,4,300,4,1,42,0,336,6,0,322,3,18,10,384,1450
355512561,HubSpot/Singularity,30/08/18 11:22,spirals-bears,e853272b-bf8e-41a0-b5a0-9d347947f4f6_03-18-week3-PASSING_AND_PASSING,14,0,0,309,4,1,42,0,350,0,0,329,0,17,11,376,1453
355061628,magefree/mage,30/08/18 11:22,spirals-bears,e853272b-bf8e-41a0-b5a0-9d347947f4f6_03-18-week3-PASSING_AND_PASSING,9,0,0,187,0,1,27,0,317,1,1,32,0,197,27,373,1172
355029931,magefree/mage,30/08/18 11:23,spirals-bears,e853272b-bf8e-41a0-b5a0-9d347947f4f6_03-18-week3-PASSING_AND_PASSING,13,0,2,216,1,1,29,0,158,3,2,168,1,187,25,361,1167
354859792,magefree/mage,30/08/18 11:40,spirals-bears,e853272b-bf8e-41a0-b5a0-9d347947f4f6_03-18-week3-PASSING_AND_PASSING,9,0,0,204,0,1,34,0,178,3,1,38,1,192,35,348,1044
354424884,magefree/mage,30/08/18 11:40,spirals-bears,e853272b-bf8e-41a0-b5a0-9d347947f4f6_03-18-week3-PASSING_AND_PASSING,11,0,0,201,1,0,43,0,180,2,1,29,1,177,31,338,1015
354840997,magefree/mage,30/08/18 11:41,spirals-bears,e853272b-bf8e-41a0-b5a0-9d347947f4f6_03-18-week3-PASSING_AND_PASSING,7,0,0,205,0,1,49,0,183,3,1,39,0,209,26,357,1080
353588313,magefree/mage,30/08/18 11:41,spirals-bears,e853272b-bf8e-41a0-b5a0-9d347947f4f6_03-18-week3-PASSING_AND_PASSING,11,0,1,207,0,0,49,0,177,1,1,28,0,191,26,340,1032
354192311,molgenis/molgenis,30/08/18 11:41,spirals-bears,e853272b-bf8e-41a0-b5a0-9d347947f4f6_03-18-week3-PASSING_AND_PASSING,44,0,1,5,9,59
356430042,StuPro-TOSCAna/TOSCAna,30/08/18 11:41,spirals-bears,e853272b-bf8e-41a0-b5a0-9d347947f4f6_03-18-week3-PASSING_AND_PASSING,14,3,17
355755051,molgenis/molgenis,30/08/18 11:42,spirals-bears,e853272b-bf8e-41a0-b5a0-9d347947f4f6_03-18-week3-PASSING_AND_PASSING,40,0,1,7,38,7,93
356428688,StuPro-TOSCAna/TOSCAna,30/08/18 11:42,spirals-bears,e853272b-bf8e-41a0-b5a0-9d347947f4f6_03-18-week3-PASSING_AND_PASSING,17,2,19
355060447,StuPro-TOSCAna/TOSCAna,30/08/18 11:42,spirals-bears,e853272b-bf8e-41a0-b5a0-9d347947f4f6_03-18-week3-PASSING_AND_PASSING,15,0,15
353363096,molgenis/molgenis,30/08/18 11:42,spirals-bears,e853272b-bf8e-41a0-b5a0-9d347947f4f6_03-18-week3-PASSING_AND_PASSING,48,0,1,0,41,1,91
354801400,StuPro-TOSCAna/TOSCAna,30/08/18 11:42,spirals-bears,e853272b-bf8e-41a0-b5a0-9d347947f4f6_03-18-week3-PASSING_AND_PASSING,19,2,21
354796645,StuPro-TOSCAna/TOSCAna,30/08/18 11:43,spirals-bears,e853272b-bf8e-41a0-b5a0-9d347947f4f6_03-18-week3-PASSING_AND_PASSING,15,2,17
353922566,StuPro-TOSCAna/TOSCAna,30/08/18 11:43,spirals-bears,e853272b-bf8e-41a0-b5a0-9d347947f4f6_03-18-week3-PASSING_AND_PASSING,20,0,20
353922568,StuPro-TOSCAna/TOSCAna,30/08/18 11:43,spirals-bears,e853272b-bf8e-41a0-b5a0-9d347947f4f6_03-18-week3-PASSING_AND_PASSING,20,4,24
354739234,StuPro-TOSCAna/TOSCAna,30/08/18 11:48,spirals-bears,e853272b-bf8e-41a0-b5a0-9d347947f4f6_03-18-week3-PASSING_AND_PASSING,15,0,2,1,342,1,361
354737370,StuPro-TOSCAna/TOSCAna,30/08/18 11:52,spirals-bears,e853272b-bf8e-41a0-b5a0-9d347947f4f6_03-18-week3-PASSING_AND_PASSING,11,0,0,112,0,2,11,0,44,0,0,63,0,16,29,222,510
354666477,StuPro-TOSCAna/TOSCAna,30/08/18 11:55,spirals-bears,e853272b-bf8e-41a0-b5a0-9d347947f4f6_03-18-week3-PASSING_AND_PASSING,9,0,0,103,0,2,9,0,44,0,0,59,0,32,16,449,723
355569765,languagetool-org/languagetool,30/08/18 12:18,spirals-bears,e853272b-bf8e-41a0-b5a0-9d347947f4f6_03-18-week3-PASSING_AND_PASSING,9,46,0,0,29,196,0,0,33,0,836,0,0,0,67,0,367,67,35,103,1788
355564018,languagetool-org/languagetool,30/08/18 12:21,spirals-bears,e853272b-bf8e-41a0-b5a0-9d347947f4f6_03-18-week3-PASSING_AND_PASSING,21,38,0,0,36,206,0,0,39,0,819,0,0,0,94,0,282,40,45,98,1718
355905987,languagetool-org/languagetool,30/08/18 12:22,spirals-bears,e853272b-bf8e-41a0-b5a0-9d347947f4f6_03-18-week3-PASSING_AND_PASSING,24,36,0,0,28,802,0,1,57,0,802,0,0,1,62,0,303,40,48,120,2324
355561095,languagetool-org/languagetool,30/08/18 12:32,spirals-bears,e853272b-bf8e-41a0-b5a0-9d347947f4f6_03-18-week3-PASSING_AND_PASSING,12,0,0,512,1,38,0,1060,1,0,66,0,296,38,150,2174
355001450,languagetool-org/languagetool,30/08/18 12:42,spirals-bears,e853272b-bf8e-41a0-b5a0-9d347947f4f6_03-18-week3-PASSING_AND_PASSING,284,0,809,1,1,120,1,3,1219
354993827,languagetool-org/languagetool,30/08/18 12:43,spirals-bears,e853272b-bf8e-41a0-b5a0-9d347947f4f6_03-18-week3-PASSING_AND_PASSING,277,0,819,0,1,146,0,5,1248
355504409,languagetool-org/languagetool,30/08/18 12:46,spirals-bears,e853272b-bf8e-41a0-b5a0-9d347947f4f6_03-18-week3-PASSING_AND_PASSING,16,33,0,0,24,195,0,1,34,0,814,0,2,0,66,0,281,40,52,95,1653
354979706,languagetool-org/languagetool,30/08/18 12:59,spirals-bears,e853272b-bf8e-41a0-b5a0-9d347947f4f6_03-18-week3-PASSING_AND_PASSING,10,53,0,0,28,17,0,0,33,0,838,0,0,0,71,0,312,46,34,111,1553
354774060,languagetool-org/languagetool,30/08/18 13:08,spirals-bears,e853272b-bf8e-41a0-b5a0-9d347947f4f6_03-18-week3-PASSING_AND_PASSING,306,0,860,1,2,121,0,2,1292
354626152,languagetool-org/languagetool,30/08/18 13:09,spirals-bears,e853272b-bf8e-41a0-b5a0-9d347947f4f6_03-18-week3-PASSING_AND_PASSING,9,53,0,2,31,11,0,0,37,0,831,0,9,0,70,3,295,70,46,106,1573
346185725,apache/incubator-dubbo,30/08/18 13:10,spirals-bears,e853272b-bf8e-41a0-b5a0-9d347947f4f6_03-18-week3-PASSING_AND_PASSING,12,0,1,5,43,6,67
354778489,languagetool-org/languagetool,30/08/18 13:17,spirals-bears,e853272b-bf8e-41a0-b5a0-9d347947f4f6_03-18-week3-PASSING_AND_PASSING,12,37,0,0,28,498,0,3,37,0,812,0,0,0,61,0,284,39,33,152,1996
355407774,ga4gh/dockstore,30/08/18 13:17,spirals-bears,e853272b-bf8e-41a0-b5a0-9d347947f4f6_03-18-week3-PASSING_AND_PASSING,9,2,11
355407567,ga4gh/dockstore,30/08/18 13:18,spirals-bears,e853272b-bf8e-41a0-b5a0-9d347947f4f6_03-18-week3-PASSING_AND_PASSING,8,0,8
354040329,ga4gh/dockstore,30/08/18 13:18,spirals-bears,e853272b-bf8e-41a0-b5a0-9d347947f4f6_03-18-week3-PASSING_AND_PASSING,9,0,9
354009623,ga4gh/dockstore,30/08/18 13:18,spirals-bears,e853272b-bf8e-41a0-b5a0-9d347947f4f6_03-18-week3-PASSING_AND_PASSING,9,2,11
353503330,ga4gh/dockstore,30/08/18 13:18,spirals-bears,e853272b-bf8e-41a0-b5a0-9d347947f4f6_03-18-week3-PASSING_AND_PASSING,9,2,11
352997394,ga4gh/dockstore,30/08/18 13:19,spirals-bears,e853272b-bf8e-41a0-b5a0-9d347947f4f6_03-18-week3-PASSING_AND_PASSING,9,0,9
355529699,ga4gh/dockstore,30/08/18 13:24,spirals-bears,e853272b-bf8e-41a0-b5a0-9d347947f4f6_03-18-week3-PASSING_AND_PASSING,12,0,0,0,796,0,808
354672763,languagetool-org/languagetool,30/08/18 13:24,spirals-bears,e853272b-bf8e-41a0-b5a0-9d347947f4f6_03-18-week3-PASSING_AND_PASSING,21,40,0,0,27,30,0,1,45,0,792,0,0,0,64,0,314,37,40,116,1527
346922581,apache/jackrabbit-oak,30/08/18 13:26,spirals-bears,e853272b-bf8e-41a0-b5a0-9d347947f4f6_03-18-week3-PASSING_AND_PASSING,36,0,2,7,55,10,110
353775889,languagetool-org/languagetool,30/08/18 13:29,spirals-bears,e853272b-bf8e-41a0-b5a0-9d347947f4f6_03-18-week3-PASSING_AND_PASSING,296,0,809,0,1,111,0,3,1220
355789563,apache/jackrabbit-oak,30/08/18 13:29,spirals-bears,e853272b-bf8e-41a0-b5a0-9d347947f4f6_03-18-week3-PASSING_AND_PASSING,35,0,2,1,132,2,172
355674067,apache/jackrabbit-oak,30/08/18 13:32,spirals-bears,e853272b-bf8e-41a0-b5a0-9d347947f4f6_03-18-week3-PASSING_AND_PASSING,35,0,2,0,129,2,168
353438599,ga4gh/dockstore,30/08/18 13:43,spirals-bears,e853272b-bf8e-41a0-b5a0-9d347947f4f6_03-18-week3-PASSING_AND_PASSING,10,0,0,0,1411,0,1421
355415044,apache/jackrabbit-oak,30/08/18 13:45,spirals-bears,e853272b-bf8e-41a0-b5a0-9d347947f4f6_03-18-week3-PASSING_AND_PASSING,50,0,2,1,52,2,107
353386995,apache/jackrabbit-oak,30/08/18 13:47,spirals-bears,e853272b-bf8e-41a0-b5a0-9d347947f4f6_03-18-week3-PASSING_AND_PASSING,35,0,2,1,80,1,119
354790221,dropwizard/metrics,30/08/18 13:48,spirals-bears,e853272b-bf8e-41a0-b5a0-9d347947f4f6_03-18-week3-PASSING_AND_PASSING,6,3,14,0,55,0,78
321140423,dropwizard/metrics,30/08/18 13:49,spirals-bears,e853272b-bf8e-41a0-b5a0-9d347947f4f6_03-18-week3-PASSING_AND_PASSING,6,2,8
321133001,dropwizard/metrics,30/08/18 13:49,spirals-bears,e853272b-bf8e-41a0-b5a0-9d347947f4f6_03-18-week3-PASSING_AND_PASSING,6,0,6
354199967,dropwizard/metrics,30/08/18 13:50,spirals-bears,e853272b-bf8e-41a0-b5a0-9d347947f4f6_03-18-week3-PASSING_AND_PASSING,6,3,4,0,50,0,63
353994239,dropwizard/metrics,30/08/18 13:50,spirals-bears,e853272b-bf8e-41a0-b5a0-9d347947f4f6_03-18-week3-PASSING_AND_PASSING,6,0,6
353288667,dropwizard/metrics,30/08/18 13:50,spirals-bears,e853272b-bf8e-41a0-b5a0-9d347947f4f6_03-18-week3-PASSING_AND_PASSING,6,0,6
356481838,airlift/airlift,30/08/18 14:00,spirals-bears,e853272b-bf8e-41a0-b5a0-9d347947f4f6_03-18-week3-PASSING_AND_PASSING,13,0,295,0,0,248,0,0,556
355718278,openzipkin/zipkin,30/08/18 14:01,spirals-bears,e853272b-bf8e-41a0-b5a0-9d347947f4f6_03-18-week3-PASSING_AND_PASSING,24,0,2,0,51,0,77
356117614,resteasy/Resteasy,30/08/18 14:02,spirals-bears,e853272b-bf8e-41a0-b5a0-9d347947f4f6_03-18-week3-PASSING_AND_PASSING,19,2,2,23
354489031,resteasy/Resteasy,30/08/18 14:03,spirals-bears,e853272b-bf8e-41a0-b5a0-9d347947f4f6_03-18-week3-PASSING_AND_PASSING,18,4,22
354352184,resteasy/Resteasy,30/08/18 14:03,spirals-bears,e853272b-bf8e-41a0-b5a0-9d347947f4f6_03-18-week3-PASSING_AND_PASSING,18,2,1,21
354468346,resteasy/Resteasy,30/08/18 14:04,spirals-bears,e853272b-bf8e-41a0-b5a0-9d347947f4f6_03-18-week3-PASSING_AND_PASSING,18,4,22
354065556,resteasy/Resteasy,30/08/18 14:04,spirals-bears,e853272b-bf8e-41a0-b5a0-9d347947f4f6_03-18-week3-PASSING_AND_PASSING,18,4,22
354225375,resteasy/Resteasy,30/08/18 14:05,spirals-bears,e853272b-bf8e-41a0-b5a0-9d347947f4f6_03-18-week3-PASSING_AND_PASSING,20,2,2,24
353779826,resteasy/Resteasy,30/08/18 14:06,spirals-bears,e853272b-bf8e-41a0-b5a0-9d347947f4f6_03-18-week3-PASSING_AND_PASSING,18,2,7,27
353879559,resteasy/Resteasy,30/08/18 14:06,spirals-bears,e853272b-bf8e-41a0-b5a0-9d347947f4f6_03-18-week3-PASSING_AND_PASSING,17,2,1,20
353877543,resteasy/Resteasy,30/08/18 14:07,spirals-bears,e853272b-bf8e-41a0-b5a0-9d347947f4f6_03-18-week3-PASSING_AND_PASSING,18,2,1,21
353739929,resteasy/Resteasy,30/08/18 14:07,spirals-bears,e853272b-bf8e-41a0-b5a0-9d347947f4f6_03-18-week3-PASSING_AND_PASSING,18,2,1,21
352933123,resteasy/Resteasy,30/08/18 14:08,spirals-bears,e853272b-bf8e-41a0-b5a0-9d347947f4f6_03-18-week3-PASSING_AND_PASSING,16,2,9,27
352719674,resteasy/Resteasy,30/08/18 14:08,spirals-bears,e853272b-bf8e-41a0-b5a0-9d347947f4f6_03-18-week3-PASSING_AND_PASSING,17,2,2,21
334223095,pgjdbc/pgjdbc,30/08/18 14:12,spirals-bears,e853272b-bf8e-41a0-b5a0-9d347947f4f6_03-18-week3-PASSING_AND_PASSING,10,0,6,34,2,0,3,0,36,15,3,21,2,9,4,38,183
333297925,pgjdbc/pgjdbc,30/08/18 14:15,spirals-bears,e853272b-bf8e-41a0-b5a0-9d347947f4f6_03-18-week3-PASSING_AND_PASSING,8,0,0,32,2,0,2,0,33,0,1,19,0,8,3,37,145
345358657,geoserver/geoserver,30/08/18 14:16,spirals-bears,e853272b-bf8e-41a0-b5a0-9d347947f4f6_03-18-week3-PASSING_AND_PASSING,55,0,1,8,20,84
355976352,apache/jackrabbit-oak,30/08/18 14:18,spirals-bears,e853272b-bf8e-41a0-b5a0-9d347947f4f6_03-18-week3-PASSING_AND_PASSING,9,0,0,1668,1,2,14,0,601,1,1,366,0,38,28,466,3195
353347878,soft-serve-java/RestHub,30/08/18 14:19,spirals-bears,e853272b-bf8e-41a0-b5a0-9d347947f4f6_03-18-week3-PASSING_AND_PASSING,5,0,1,0,32,0,38
350305374,soft-serve-java/RestHub,30/08/18 14:20,spirals-bears,e853272b-bf8e-41a0-b5a0-9d347947f4f6_03-18-week3-PASSING_AND_PASSING,5,0,1,0,28,0,34
353465443,geoserver/geoserver,30/08/18 14:20,spirals-bears,e853272b-bf8e-41a0-b5a0-9d347947f4f6_03-18-week3-PASSING_AND_PASSING,66,0,2,3,151,5,227
355767946,apache/jackrabbit-oak,30/08/18 14:40,spirals-bears,e853272b-bf8e-41a0-b5a0-9d347947f4f6_03-18-week3-PASSING_AND_PASSING,12,0,0,1655,1,2,11,0,1698,2,1,374,0,36,18,454,4264
356262090,aicis/fresco,30/08/18 14:43,spirals-bears,e853272b-bf8e-41a0-b5a0-9d347947f4f6_03-18-week3-PASSING_AND_PASSING,8,0,1239,0,4,87,0,4,1342
355565395,apache/jackrabbit-oak,30/08/18 14:46,spirals-bears,e853272b-bf8e-41a0-b5a0-9d347947f4f6_03-18-week3-PASSING_AND_PASSING,9,0,0,1767,1,2,21,0,1714,1,1,368,0,38,23,460,4405
355832191,aicis/fresco,30/08/18 14:47,spirals-bears,e853272b-bf8e-41a0-b5a0-9d347947f4f6_03-18-week3-PASSING_AND_PASSING,9,5,0,0,7,248,0,0,4,0,1232,0,0,0,36,0,8,5,5,88,1647
355874320,aicis/fresco,30/08/18 14:48,spirals-bears,e853272b-bf8e-41a0-b5a0-9d347947f4f6_03-18-week3-PASSING_AND_PASSING,8,0,0,0,32,0,40
356262074,aicis/fresco,30/08/18 15:02,spirals-bears,e853272b-bf8e-41a0-b5a0-9d347947f4f6_03-18-week3-PASSING_AND_PASSING,8,0,1220,0,0,87,0,0,1315
356233361,aicis/fresco,30/08/18 15:11,spirals-bears,e853272b-bf8e-41a0-b5a0-9d347947f4f6_03-18-week3-PASSING_AND_PASSING,11,5,0,0,7,237,0,0,4,0,1253,0,0,0,42,0,9,6,5,92,1671
355737597,aicis/fresco,30/08/18 15:12,spirals-bears,e853272b-bf8e-41a0-b5a0-9d347947f4f6_03-18-week3-PASSING_AND_PASSING,8,0,0,0,32,0,40
356233383,aicis/fresco,30/08/18 15:14,spirals-bears,e853272b-bf8e-41a0-b5a0-9d347947f4f6_03-18-week3-PASSING_AND_PASSING,9,5,0,2,8,270,0,0,4,0,1214,0,4,0,34,3,8,5,4,84,1654
355868043,aicis/fresco,30/08/18 15:14,spirals-bears,e853272b-bf8e-41a0-b5a0-9d347947f4f6_03-18-week3-PASSING_AND_PASSING,9,0,1429,0,0,105,0,0,1543
355835201,aicis/fresco,30/08/18 15:33,spirals-bears,e853272b-bf8e-41a0-b5a0-9d347947f4f6_03-18-week3-PASSING_AND_PASSING,9,5,0,0,7,238,0,0,4,0,1457,0,0,0,35,0,9,5,5,86,1860
355777571,aicis/fresco,30/08/18 15:34,spirals-bears,e853272b-bf8e-41a0-b5a0-9d347947f4f6_03-18-week3-PASSING_AND_PASSING,8,0,1210,0,4,87,0,3,1312
355255512,aicis/fresco,30/08/18 15:35,spirals-bears,e853272b-bf8e-41a0-b5a0-9d347947f4f6_03-18-week3-PASSING_AND_PASSING,9,0,0,4,31,2,46
355266412,aicis/fresco,30/08/18 15:35,spirals-bears,e853272b-bf8e-41a0-b5a0-9d347947f4f6_03-18-week3-PASSING_AND_PASSING,8,0,1145,0,4,90,0,3,1250
355777563,aicis/fresco,30/08/18 15:35,spirals-bears,e853272b-bf8e-41a0-b5a0-9d347947f4f6_03-18-week3-PASSING_AND_PASSING,8,0,1187,0,0,88,0,0,1283
354043102,aicis/fresco,30/08/18 15:46,spirals-bears,e853272b-bf8e-41a0-b5a0-9d347947f4f6_03-18-week3-PASSING_AND_PASSING,9,0,2,247,0,0,4,0,218,6,0,35,2,9,6,91,629
352873227,aicis/fresco,30/08/18 15:47,spirals-bears,e853272b-bf8e-41a0-b5a0-9d347947f4f6_03-18-week3-PASSING_AND_PASSING,8,0,0,5,49,4,66
353576333,SpoonLabs/nopol,30/08/18 15:48,spirals-bears,e853272b-bf8e-41a0-b5a0-9d347947f4f6_03-18-week3-PASSING_AND_PASSING,42,0,42
353967123,SpoonLabs/nopol,30/08/18 15:49,spirals-bears,e853272b-bf8e-41a0-b5a0-9d347947f4f6_03-18-week3-PASSING_AND_PASSING,52,0,1,53
353514855,SpoonLabs/nopol,30/08/18 15:50,spirals-bears,e853272b-bf8e-41a0-b5a0-9d347947f4f6_03-18-week3-PASSING_AND_PASSING,60,0,0,60
355266415,aicis/fresco,30/08/18 15:54,spirals-bears,e853272b-bf8e-41a0-b5a0-9d347947f4f6_03-18-week3-PASSING_AND_PASSING,10,0,1145,0,0,92,0,0,1247
355255519,aicis/fresco,30/08/18 15:56,spirals-bears,e853272b-bf8e-41a0-b5a0-9d347947f4f6_03-18-week3-PASSING_AND_PASSING,9,0,1143,0,0,94,0,1,1247
355928265,swagger-api/swagger-codegen,30/08/18 15:56,spirals-bears,e853272b-bf8e-41a0-b5a0-9d347947f4f6_03-18-week3-PASSING_AND_PASSING,36,0,57,0,1,254,0,1,349
354136703,swagger-api/swagger-codegen,30/08/18 15:57,spirals-bears,e853272b-bf8e-41a0-b5a0-9d347947f4f6_03-18-week3-PASSING_AND_PASSING,34,5,39
353632402,swagger-api/swagger-codegen,30/08/18 15:58,spirals-bears,e853272b-bf8e-41a0-b5a0-9d347947f4f6_03-18-week3-PASSING_AND_PASSING,36,4,40
341119943,swagger-api/swagger-codegen,30/08/18 15:58,spirals-bears,e853272b-bf8e-41a0-b5a0-9d347947f4f6_03-18-week3-PASSING_AND_PASSING,35,0,0,8,89,8,140
354307300,swagger-api/swagger-codegen,30/08/18 15:59,spirals-bears,e853272b-bf8e-41a0-b5a0-9d347947f4f6_03-18-week3-PASSING_AND_PASSING,35,0,0,7,9,51
352229232,swagger-api/swagger-codegen,30/08/18 16:00,spirals-bears,e853272b-bf8e-41a0-b5a0-9d347947f4f6_03-18-week3-PASSING_AND_PASSING,38,5,43
355921710,swagger-api/swagger-codegen,30/08/18 16:01,spirals-bears,e853272b-bf8e-41a0-b5a0-9d347947f4f6_03-18-week3-PASSING_AND_PASSING,35,0,57,0,2,262,0,1,357
353553639,swagger-api/swagger-codegen,30/08/18 16:01,spirals-bears,e853272b-bf8e-41a0-b5a0-9d347947f4f6_03-18-week3-PASSING_AND_PASSING,33,0,33
354025971,aicis/fresco,30/08/18 16:02,spirals-bears,e853272b-bf8e-41a0-b5a0-9d347947f4f6_03-18-week3-PASSING_AND_PASSING,9,6,0,0,7,277,0,0,5,0,1135,0,0,0,33,0,9,5,5,89,1580
351714795,swagger-api/swagger-codegen,30/08/18 16:03,spirals-bears,e853272b-bf8e-41a0-b5a0-9d347947f4f6_03-18-week3-PASSING_AND_PASSING,35,5,40
354003023,swagger-api/swagger-codegen,30/08/18 16:03,spirals-bears,e853272b-bf8e-41a0-b5a0-9d347947f4f6_03-18-week3-PASSING_AND_PASSING,35,0,0,9,92,6,142
353382715,swagger-api/swagger-codegen,30/08/18 16:04,spirals-bears,e853272b-bf8e-41a0-b5a0-9d347947f4f6_03-18-week3-PASSING_AND_PASSING,36,6,42
353608426,swagger-api/swagger-codegen,30/08/18 16:04,spirals-bears,e853272b-bf8e-41a0-b5a0-9d347947f4f6_03-18-week3-PASSING_AND_PASSING,36,4,40
352869829,swagger-api/swagger-codegen,30/08/18 16:04,spirals-bears,e853272b-bf8e-41a0-b5a0-9d347947f4f6_03-18-week3-PASSING_AND_PASSING,38,0,0,10,111,8,167
354368906,rabbitmq/rabbitmq-perf-test,30/08/18 16:07,spirals-bears,e853272b-bf8e-41a0-b5a0-9d347947f4f6_03-18-week3-PASSING_AND_PASSING,3,0,81,0,5,30,0,3,122
356263807,rabbitmq/rabbitmq-perf-test,30/08/18 16:07,spirals-bears,e853272b-bf8e-41a0-b5a0-9d347947f4f6_03-18-week3-PASSING_AND_PASSING,12,0,0,2,4,67,0,0,0,0,61,0,4,0,14,1,3,0,0,25,193
355835421,rabbitmq/rabbitmq-perf-test,30/08/18 16:08,spirals-bears,e853272b-bf8e-41a0-b5a0-9d347947f4f6_03-18-week3-PASSING_AND_PASSING,12,0,0,2,5,77,0,0,0,0,57,0,4,0,17,2,3,0,0,27,206
353932534,swagger-api/swagger-codegen,30/08/18 16:08,spirals-bears,e853272b-bf8e-41a0-b5a0-9d347947f4f6_03-18-week3-PASSING_AND_PASSING,8,13,0,0,11,41,0,0,19,0,60,0,1,0,85,0,34,13,15,250,550
353079682,Blazebit/blaze-persistence,30/08/18 16:08,spirals-bears,e853272b-bf8e-41a0-b5a0-9d347947f4f6_03-18-week3-PASSING_AND_PASSING,12,5,17
356499054,spring-cloud/spring-cloud-gcp,30/08/18 16:08,spirals-bears,e853272b-bf8e-41a0-b5a0-9d347947f4f6_03-18-week3-PASSING_AND_PASSING,4,3,7
353229771,rabbitmq/rabbitmq-perf-test,30/08/18 16:09,spirals-bears,e853272b-bf8e-41a0-b5a0-9d347947f4f6_03-18-week3-PASSING_AND_PASSING,12,0,0,32,0,0,0,0,42,0,0,11,0,3,0,31,131
355581362,spring-cloud/spring-cloud-gcp,30/08/18 16:09,spirals-bears,e853272b-bf8e-41a0-b5a0-9d347947f4f6_03-18-week3-PASSING_AND_PASSING,4,2,6
352045689,Blazebit/blaze-persistence,30/08/18 16:10,spirals-bears,e853272b-bf8e-41a0-b5a0-9d347947f4f6_03-18-week3-PASSING_AND_PASSING,11,0,3,0,114,1,129
356007194,spring-cloud/spring-cloud-gcp,30/08/18 16:10,spirals-bears,e853272b-bf8e-41a0-b5a0-9d347947f4f6_03-18-week3-PASSING_AND_PASSING,4,2,6
354041644,Blazebit/blaze-persistence,30/08/18 16:11,spirals-bears,e853272b-bf8e-41a0-b5a0-9d347947f4f6_03-18-week3-PASSING_AND_PASSING,12,0,3,1,180,1,197
356038535,spring-cloud/spring-cloud-gcp,30/08/18 16:11,spirals-bears,e853272b-bf8e-41a0-b5a0-9d347947f4f6_03-18-week3-PASSING_AND_PASSING,4,2,6
356030434,spring-cloud/spring-cloud-gcp,30/08/18 16:11,spirals-bears,e853272b-bf8e-41a0-b5a0-9d347947f4f6_03-18-week3-PASSING_AND_PASSING,4,2,6
354529466,spring-cloud/spring-cloud-gcp,30/08/18 16:12,spirals-bears,e853272b-bf8e-41a0-b5a0-9d347947f4f6_03-18-week3-PASSING_AND_PASSING,5,2,7
355549721,spring-cloud/spring-cloud-gcp,30/08/18 16:12,spirals-bears,e853272b-bf8e-41a0-b5a0-9d347947f4f6_03-18-week3-PASSING_AND_PASSING,4,2,6
356069145,spring-cloud/spring-cloud-gcp,30/08/18 16:16,spirals-bears,e853272b-bf8e-41a0-b5a0-9d347947f4f6_03-18-week3-PASSING_AND_PASSING,5,103,107,0,250,0,465
355408456,spring-cloud/spring-cloud-gcp,30/08/18 16:17,spirals-bears,e853272b-bf8e-41a0-b5a0-9d347947f4f6_03-18-week3-PASSING_AND_PASSING,6,3,9
356053625,spring-cloud/spring-cloud-gcp,30/08/18 16:17,spirals-bears,e853272b-bf8e-41a0-b5a0-9d347947f4f6_03-18-week3-PASSING_AND_PASSING,4,104,106,0,247,0,461
355536558,spring-cloud/spring-cloud-gcp,30/08/18 16:20,spirals-bears,e853272b-bf8e-41a0-b5a0-9d347947f4f6_03-18-week3-PASSING_AND_PASSING,5,103,105,0,245,0,458
355489529,spring-cloud/spring-cloud-gcp,30/08/18 16:20,spirals-bears,e853272b-bf8e-41a0-b5a0-9d347947f4f6_03-18-week3-PASSING_AND_PASSING,4,2,6
355415699,spring-cloud/spring-cloud-gcp,30/08/18 16:20,spirals-bears,e853272b-bf8e-41a0-b5a0-9d347947f4f6_03-18-week3-PASSING_AND_PASSING,4,2,6
354036319,spring-cloud/spring-cloud-gcp,30/08/18 16:21,spirals-bears,e853272b-bf8e-41a0-b5a0-9d347947f4f6_03-18-week3-PASSING_AND_PASSING,4,2,6
355580058,spring-cloud/spring-cloud-gcp,30/08/18 16:22,spirals-bears,e853272b-bf8e-41a0-b5a0-9d347947f4f6_03-18-week3-PASSING_AND_PASSING,4,113,68,106,0,424,0,0,715
344539290,spring-cloud/spring-cloud-gcp,30/08/18 16:23,spirals-bears,e853272b-bf8e-41a0-b5a0-9d347947f4f6_03-18-week3-PASSING_AND_PASSING,6,3,9
353989101,spring-cloud/spring-cloud-gcp,30/08/18 16:32,spirals-bears,e853272b-bf8e-41a0-b5a0-9d347947f4f6_03-18-week3-PASSING_AND_PASSING,4,141,342,0,208,0,695
353021424,spring-cloud/spring-cloud-gcp,30/08/18 16:33,spirals-bears,e853272b-bf8e-41a0-b5a0-9d347947f4f6_03-18-week3-PASSING_AND_PASSING,5,3,8
355525571,spring-cloud/spring-cloud-gcp,30/08/18 16:36,spirals-bears,e853272b-bf8e-41a0-b5a0-9d347947f4f6_03-18-week3-PASSING_AND_PASSING,5,232,69,405,0,421,0,0,1132
355194136,apache/incubator-servicecomb-saga,30/08/18 16:36,spirals-bears,e853272b-bf8e-41a0-b5a0-9d347947f4f6_03-18-week3-PASSING_AND_PASSING,5,0,99,1,0,78,0,0,183
356380601,datastax/java-driver,30/08/18 16:36,spirals-bears,e853272b-bf8e-41a0-b5a0-9d347947f4f6_03-18-week3-PASSING_AND_PASSING,18,3,21
356380472,datastax/java-driver,30/08/18 16:36,spirals-bears,e853272b-bf8e-41a0-b5a0-9d347947f4f6_03-18-week3-PASSING_AND_PASSING,17,0,17
354038542,spring-cloud/spring-cloud-gcp,30/08/18 16:37,spirals-bears,e853272b-bf8e-41a0-b5a0-9d347947f4f6_03-18-week3-PASSING_AND_PASSING,29,5,159,0,6,40,0,338,1,2,65,0,0,0,70,0,4,5,4,421,1149
356375718,datastax/java-driver,30/08/18 16:37,spirals-bears,e853272b-bf8e-41a0-b5a0-9d347947f4f6_03-18-week3-PASSING_AND_PASSING,18,2,20
356185689,datastax/java-driver,30/08/18 16:37,spirals-bears,e853272b-bf8e-41a0-b5a0-9d347947f4f6_03-18-week3-PASSING_AND_PASSING,18,0,18
354916733,datastax/java-driver,30/08/18 16:37,spirals-bears,e853272b-bf8e-41a0-b5a0-9d347947f4f6_03-18-week3-PASSING_AND_PASSING,17,0,17
354429773,datastax/java-driver,30/08/18 16:37,spirals-bears,e853272b-bf8e-41a0-b5a0-9d347947f4f6_03-18-week3-PASSING_AND_PASSING,18,0,18
354410964,datastax/java-driver,30/08/18 16:38,spirals-bears,e853272b-bf8e-41a0-b5a0-9d347947f4f6_03-18-week3-PASSING_AND_PASSING,20,0,20
354178830,datastax/java-driver,30/08/18 16:38,spirals-bears,e853272b-bf8e-41a0-b5a0-9d347947f4f6_03-18-week3-PASSING_AND_PASSING,19,3,22
354178820,datastax/java-driver,30/08/18 16:38,spirals-bears,e853272b-bf8e-41a0-b5a0-9d347947f4f6_03-18-week3-PASSING_AND_PASSING,19,0,19
354093501,datastax/java-driver,30/08/18 16:38,spirals-bears,e853272b-bf8e-41a0-b5a0-9d347947f4f6_03-18-week3-PASSING_AND_PASSING,16,0,16
355468487,datastax/java-driver,30/08/18 16:38,spirals-bears,e853272b-bf8e-41a0-b5a0-9d347947f4f6_03-18-week3-PASSING_AND_PASSING,19,0,0,1,57,0,77
353920294,datastax/java-driver,30/08/18 16:38,spirals-bears,e853272b-bf8e-41a0-b5a0-9d347947f4f6_03-18-week3-PASSING_AND_PASSING,15,0,15
353596254,datastax/java-driver,30/08/18 16:39,spirals-bears,e853272b-bf8e-41a0-b5a0-9d347947f4f6_03-18-week3-PASSING_AND_PASSING,18,0,18
353596284,datastax/java-driver,30/08/18 16:39,spirals-bears,e853272b-bf8e-41a0-b5a0-9d347947f4f6_03-18-week3-PASSING_AND_PASSING,21,3,24
356023526,SzFMV2018-Tavasz/AutomatedCar,30/08/18 16:39,spirals-bears,e853272b-bf8e-41a0-b5a0-9d347947f4f6_03-18-week3-PASSING_AND_PASSING,9,0,0,0,21,0,30
355451712,SzFMV2018-Tavasz/AutomatedCar,30/08/18 16:40,spirals-bears,e853272b-bf8e-41a0-b5a0-9d347947f4f6_03-18-week3-PASSING_AND_PASSING,9,0,0,0,19,0,28
355451865,SzFMV2018-Tavasz/AutomatedCar,30/08/18 16:40,spirals-bears,e853272b-bf8e-41a0-b5a0-9d347947f4f6_03-18-week3-PASSING_AND_PASSING,10,0,0,4,20,2,36
353938794,spring-cloud/spring-cloud-gcp,30/08/18 16:40,spirals-bears,e853272b-bf8e-41a0-b5a0-9d347947f4f6_03-18-week3-PASSING_AND_PASSING,28,1,180,0,8,41,0,209,1,2,67,0,0,0,75,0,4,5,1,424,1046
355069450,SzFMV2018-Tavasz/AutomatedCar,30/08/18 16:41,spirals-bears,e853272b-bf8e-41a0-b5a0-9d347947f4f6_03-18-week3-PASSING_AND_PASSING,9,0,0,0,4,12,0,0,0,0,16,0,0,0,9,0,10,0,0,21,81
355303832,SzFMV2018-Tavasz/AutomatedCar,30/08/18 16:41,spirals-bears,e853272b-bf8e-41a0-b5a0-9d347947f4f6_03-18-week3-PASSING_AND_PASSING,8,0,0,0,26,0,34
355645412,SzFMV2018-Tavasz/AutomatedCar,30/08/18 16:41,spirals-bears,e853272b-bf8e-41a0-b5a0-9d347947f4f6_03-18-week3-PASSING_AND_PASSING,10,0,0,9,20,3,42
355644409,SzFMV2018-Tavasz/AutomatedCar,30/08/18 16:41,spirals-bears,e853272b-bf8e-41a0-b5a0-9d347947f4f6_03-18-week3-PASSING_AND_PASSING,9,0,0,0,19,0,28
355352655,SzFMV2018-Tavasz/AutomatedCar,30/08/18 16:41,spirals-bears,e853272b-bf8e-41a0-b5a0-9d347947f4f6_03-18-week3-PASSING_AND_PASSING,9,0,0,0,19,0,28
355646197,SzFMV2018-Tavasz/AutomatedCar,30/08/18 16:41,spirals-bears,e853272b-bf8e-41a0-b5a0-9d347947f4f6_03-18-week3-PASSING_AND_PASSING,9,0,12,0,0,21,0,0,42
355318203,SzFMV2018-Tavasz/AutomatedCar,30/08/18 16:42,spirals-bears,e853272b-bf8e-41a0-b5a0-9d347947f4f6_03-18-week3-PASSING_AND_PASSING,9,0,0,0,18,0,27
355317937,SzFMV2018-Tavasz/AutomatedCar,30/08/18 16:42,spirals-bears,e853272b-bf8e-41a0-b5a0-9d347947f4f6_03-18-week3-PASSING_AND_PASSING,9,0,0,5,19,2,35
355560161,SzFMV2018-Tavasz/AutomatedCar,30/08/18 16:42,spirals-bears,e853272b-bf8e-41a0-b5a0-9d347947f4f6_03-18-week3-PASSING_AND_PASSING,10,0,10,0,0,21,0,0,41
355526285,SzFMV2018-Tavasz/AutomatedCar,30/08/18 16:43,spirals-bears,e853272b-bf8e-41a0-b5a0-9d347947f4f6_03-18-week3-PASSING_AND_PASSING,9,0,10,0,4,20,0,3,46
355526307,SzFMV2018-Tavasz/AutomatedCar,30/08/18 16:43,spirals-bears,e853272b-bf8e-41a0-b5a0-9d347947f4f6_03-18-week3-PASSING_AND_PASSING,9,0,11,0,0,20,0,0,40
355169001,SzFMV2018-Tavasz/AutomatedCar,30/08/18 16:43,spirals-bears,e853272b-bf8e-41a0-b5a0-9d347947f4f6_03-18-week3-PASSING_AND_PASSING,9,0,11,0,4,21,0,3,48
354783944,SzFMV2018-Tavasz/AutomatedCar,30/08/18 16:43,spirals-bears,e853272b-bf8e-41a0-b5a0-9d347947f4f6_03-18-week3-PASSING_AND_PASSING,9,0,0,0,20,0,29
355166488,SzFMV2018-Tavasz/AutomatedCar,30/08/18 16:44,spirals-bears,e853272b-bf8e-41a0-b5a0-9d347947f4f6_03-18-week3-PASSING_AND_PASSING,10,0,10,0,0,21,0,0,41
355646217,SzFMV2018-Tavasz/AutomatedCar,30/08/18 16:44,spirals-bears,e853272b-bf8e-41a0-b5a0-9d347947f4f6_03-18-week3-PASSING_AND_PASSING,9,0,137,0,4,22,0,4,176
354992987,SzFMV2018-Tavasz/AutomatedCar,30/08/18 16:44,spirals-bears,e853272b-bf8e-41a0-b5a0-9d347947f4f6_03-18-week3-PASSING_AND_PASSING,9,0,1,4,18,3,35
350812066,SzFMV2018-Tavasz/AutomatedCar,30/08/18 16:44,spirals-bears,e853272b-bf8e-41a0-b5a0-9d347947f4f6_03-18-week3-PASSING_AND_PASSING,11,0,0,0,19,0,30
352746306,SzFMV2018-Tavasz/AutomatedCar,30/08/18 16:44,spirals-bears,e853272b-bf8e-41a0-b5a0-9d347947f4f6_03-18-week3-PASSING_AND_PASSING,9,0,0,0,19,0,28
355433202,danglotb/dspot,30/08/18 16:44,spirals-bears,e853272b-bf8e-41a0-b5a0-9d347947f4f6_03-18-week3-PASSING_AND_PASSING,5,0,0,0,0,5
355373742,danglotb/dspot,30/08/18 16:44,spirals-bears,e853272b-bf8e-41a0-b5a0-9d347947f4f6_03-18-week3-PASSING_AND_PASSING,6,0,6
355303962,danglotb/dspot,30/08/18 16:45,spirals-bears,e853272b-bf8e-41a0-b5a0-9d347947f4f6_03-18-week3-PASSING_AND_PASSING,6,0,6
353864186,danglotb/dspot,30/08/18 16:45,spirals-bears,e853272b-bf8e-41a0-b5a0-9d347947f4f6_03-18-week3-PASSING_AND_PASSING,7,0,0,0,0,7
353887894,danglotb/dspot,30/08/18 16:45,spirals-bears,e853272b-bf8e-41a0-b5a0-9d347947f4f6_03-18-week3-PASSING_AND_PASSING,5,0,0,0,0,5
355333464,Activiti/activiti-cloud-service-common,30/08/18 16:45,spirals-bears,e853272b-bf8e-41a0-b5a0-9d347947f4f6_03-18-week3-PASSING_AND_PASSING,2,2,4,0,35,0,43
355338260,dhis2/dhis2-core,30/08/18 16:46,spirals-bears,e853272b-bf8e-41a0-b5a0-9d347947f4f6_03-18-week3-PASSING_AND_PASSING,24,4,28
355702552,dhis2/dhis2-core,30/08/18 16:46,spirals-bears,e853272b-bf8e-41a0-b5a0-9d347947f4f6_03-18-week3-PASSING_AND_PASSING,23,0,1,1,43,1,69
355462446,dhis2/dhis2-core,30/08/18 16:47,spirals-bears,e853272b-bf8e-41a0-b5a0-9d347947f4f6_03-18-week3-PASSING_AND_PASSING,23,0,1,1,102,1,128
355447818,dhis2/dhis2-core,30/08/18 16:48,spirals-bears,e853272b-bf8e-41a0-b5a0-9d347947f4f6_03-18-week3-PASSING_AND_PASSING,26,0,1,1,94,1,123
355423495,dhis2/dhis2-core,30/08/18 16:48,spirals-bears,e853272b-bf8e-41a0-b5a0-9d347947f4f6_03-18-week3-PASSING_AND_PASSING,23,0,0,1,94,1,119
352322455,dhis2/dhis2-core,30/08/18 16:49,spirals-bears,e853272b-bf8e-41a0-b5a0-9d347947f4f6_03-18-week3-PASSING_AND_PASSING,25,5,30
355345265,dhis2/dhis2-core,30/08/18 16:50,spirals-bears,e853272b-bf8e-41a0-b5a0-9d347947f4f6_03-18-week3-PASSING_AND_PASSING,24,0,0,1,99,1,125
355340142,dhis2/dhis2-core,30/08/18 16:50,spirals-bears,e853272b-bf8e-41a0-b5a0-9d347947f4f6_03-18-week3-PASSING_AND_PASSING,23,0,1,2,92,1,119
355289961,dhis2/dhis2-core,30/08/18 16:51,spirals-bears,e853272b-bf8e-41a0-b5a0-9d347947f4f6_03-18-week3-PASSING_AND_PASSING,32,0,0,1,95,1,129
355285676,jcabi/jcabi-github,30/08/18 16:52,spirals-bears,e853272b-bf8e-41a0-b5a0-9d347947f4f6_03-18-week3-PASSING_AND_PASSING,64,22,0,0,45,0,2,0,0,331,0,0,464
354349052,dhis2/dhis2-core,30/08/18 16:52,spirals-bears,e853272b-bf8e-41a0-b5a0-9d347947f4f6_03-18-week3-PASSING_AND_PASSING,23,0,0,1,104,1,129
354334589,dhis2/dhis2-core,30/08/18 16:54,spirals-bears,e853272b-bf8e-41a0-b5a0-9d347947f4f6_03-18-week3-PASSING_AND_PASSING,24,0,0,1,90,1,116
354325652,dhis2/dhis2-core,30/08/18 16:54,spirals-bears,e853272b-bf8e-41a0-b5a0-9d347947f4f6_03-18-week3-PASSING_AND_PASSING,22,0,1,1,90,2,116
354246368,dhis2/dhis2-core,30/08/18 16:55,spirals-bears,e853272b-bf8e-41a0-b5a0-9d347947f4f6_03-18-week3-PASSING_AND_PASSING,22,0,0,7,247,10,286
354319448,dhis2/dhis2-core,30/08/18 16:55,spirals-bears,e853272b-bf8e-41a0-b5a0-9d347947f4f6_03-18-week3-PASSING_AND_PASSING,22,0,1,1,100,1,125
354173080,christian-schlichtherle/truelicense,30/08/18 16:55,spirals-bears,e853272b-bf8e-41a0-b5a0-9d347947f4f6_03-18-week3-PASSING_AND_PASSING,6,0,1,0,21,0,28
354313970,dhis2/dhis2-core,30/08/18 16:56,spirals-bears,e853272b-bf8e-41a0-b5a0-9d347947f4f6_03-18-week3-PASSING_AND_PASSING,22,0,0,1,96,1,120
354172027,christian-schlichtherle/truelicense,30/08/18 16:56,spirals-bears,e853272b-bf8e-41a0-b5a0-9d347947f4f6_03-18-week3-PASSING_AND_PASSING,6,0,1,0,21,0,28
353707262,dhis2/dhis2-core,30/08/18 16:56,spirals-bears,e853272b-bf8e-41a0-b5a0-9d347947f4f6_03-18-week3-PASSING_AND_PASSING,23,0,0,1,41,2,67
354159929,christian-schlichtherle/truelicense,30/08/18 16:56,spirals-bears,e853272b-bf8e-41a0-b5a0-9d347947f4f6_03-18-week3-PASSING_AND_PASSING,6,0,2,0,20,0,28
353910399,christian-schlichtherle/truelicense,30/08/18 16:57,spirals-bears,e853272b-bf8e-41a0-b5a0-9d347947f4f6_03-18-week3-PASSING_AND_PASSING,6,0,1,0,21,0,28
353821575,christian-schlichtherle/truelicense,30/08/18 16:57,spirals-bears,e853272b-bf8e-41a0-b5a0-9d347947f4f6_03-18-week3-PASSING_AND_PASSING,6,0,1,0,21,0,28
353813885,christian-schlichtherle/truelicense,30/08/18 16:57,spirals-bears,e853272b-bf8e-41a0-b5a0-9d347947f4f6_03-18-week3-PASSING_AND_PASSING,7,0,1,0,19,0,27
353667531,christian-schlichtherle/truelicense,30/08/18 16:57,spirals-bears,e853272b-bf8e-41a0-b5a0-9d347947f4f6_03-18-week3-PASSING_AND_PASSING,5,0,1,0,21,0,27
354303073,dhis2/dhis2-core,30/08/18 16:58,spirals-bears,e853272b-bf8e-41a0-b5a0-9d347947f4f6_03-18-week3-PASSING_AND_PASSING,24,0,0,1,226,1,252
353265214,debezium/debezium,30/08/18 16:59,spirals-bears,e853272b-bf8e-41a0-b5a0-9d347947f4f6_03-18-week3-PASSING_AND_PASSING,6,0,0,4,112,6,128
355213802,debezium/debezium,30/08/18 17:00,spirals-bears,e853272b-bf8e-41a0-b5a0-9d347947f4f6_03-18-week3-PASSING_AND_PASSING,9,8,17
355195873,debezium/debezium,30/08/18 17:00,spirals-bears,e853272b-bf8e-41a0-b5a0-9d347947f4f6_03-18-week3-PASSING_AND_PASSING,6,3,9
355819258,debezium/debezium,30/08/18 17:02,spirals-bears,e853272b-bf8e-41a0-b5a0-9d347947f4f6_03-18-week3-PASSING_AND_PASSING,9,2,0,0,6,42,0,0,1,0,46,0,0,0,22,0,6,1,1,162,298
355315290,debezium/debezium,30/08/18 17:02,spirals-bears,e853272b-bf8e-41a0-b5a0-9d347947f4f6_03-18-week3-PASSING_AND_PASSING,9,1,0,0,6,50,0,0,1,0,43,0,0,0,21,0,7,1,1,124,264
355064887,debezium/debezium,30/08/18 17:02,spirals-bears,e853272b-bf8e-41a0-b5a0-9d347947f4f6_03-18-week3-PASSING_AND_PASSING,6,0,47,1,0,154,0,0,208
354214940,debezium/debezium,30/08/18 17:04,spirals-bears,e853272b-bf8e-41a0-b5a0-9d347947f4f6_03-18-week3-PASSING_AND_PASSING,6,0,0,0,113,0,119
354058635,debezium/debezium,30/08/18 17:04,spirals-bears,e853272b-bf8e-41a0-b5a0-9d347947f4f6_03-18-week3-PASSING_AND_PASSING,6,0,1,4,119,4,134
355063779,debezium/debezium,30/08/18 17:05,spirals-bears,e853272b-bf8e-41a0-b5a0-9d347947f4f6_03-18-week3-PASSING_AND_PASSING,13,1,0,0,8,42,0,0,2,0,44,0,0,0,20,0,6,1,1,115,253
354208892,MyCoRe-Org/mycore,30/08/18 17:06,spirals-bears,e853272b-bf8e-41a0-b5a0-9d347947f4f6_03-18-week3-PASSING_AND_PASSING,48,0,48
354212780,debezium/debezium,30/08/18 17:06,spirals-bears,e853272b-bf8e-41a0-b5a0-9d347947f4f6_03-18-week3-PASSING_AND_PASSING,8,3,0,0,6,34,0,1,1,0,42,0,0,0,22,0,7,1,2,123,250
354208899,MyCoRe-Org/mycore,30/08/18 17:07,spirals-bears,e853272b-bf8e-41a0-b5a0-9d347947f4f6_03-18-week3-PASSING_AND_PASSING,45,4,49
353710163,MyCoRe-Org/mycore,30/08/18 17:08,spirals-bears,e853272b-bf8e-41a0-b5a0-9d347947f4f6_03-18-week3-PASSING_AND_PASSING,56,3,59
353707035,MyCoRe-Org/mycore,30/08/18 17:09,spirals-bears,e853272b-bf8e-41a0-b5a0-9d347947f4f6_03-18-week3-PASSING_AND_PASSING,45,0,45
351465554,debezium/debezium,30/08/18 17:09,spirals-bears,e853272b-bf8e-41a0-b5a0-9d347947f4f6_03-18-week3-PASSING_AND_PASSING,11,1,0,0,10,45,0,0,1,0,44,0,0,0,20,0,6,1,3,120,262
356142173,2018swecapstone/h2ms,30/08/18 17:10,spirals-bears,e853272b-bf8e-41a0-b5a0-9d347947f4f6_03-18-week3-PASSING_AND_PASSING,3,0,24,1,0,57,0,0,85
356128760,2018swecapstone/h2ms,30/08/18 17:13,spirals-bears,e853272b-bf8e-41a0-b5a0-9d347947f4f6_03-18-week3-PASSING_AND_PASSING,15,0,0,27,0,1,0,0,29,0,0,11,0,4,0,54,141
355159790,2018swecapstone/h2ms,30/08/18 17:15,spirals-bears,e853272b-bf8e-41a0-b5a0-9d347947f4f6_03-18-week3-PASSING_AND_PASSING,3,0,25,1,4,59,0,3,95
355920883,2018swecapstone/h2ms,30/08/18 17:17,spirals-bears,e853272b-bf8e-41a0-b5a0-9d347947f4f6_03-18-week3-PASSING_AND_PASSING,11,0,2,25,0,1,0,0,24,4,0,10,2,3,1,57,140
355124575,2018swecapstone/h2ms,30/08/18 17:20,spirals-bears,e853272b-bf8e-41a0-b5a0-9d347947f4f6_03-18-week3-PASSING_AND_PASSING,12,0,0,31,0,1,0,0,27,0,0,10,0,3,0,65,149
355501280,2018swecapstone/h2ms,30/08/18 17:23,spirals-bears,e853272b-bf8e-41a0-b5a0-9d347947f4f6_03-18-week3-PASSING_AND_PASSING,12,0,2,26,0,1,0,0,29,4,0,11,3,3,0,69,160
353033522,2018swecapstone/h2ms,30/08/18 17:24,spirals-bears,e853272b-bf8e-41a0-b5a0-9d347947f4f6_03-18-week3-PASSING_AND_PASSING,3,2,5
355120625,2018swecapstone/h2ms,30/08/18 17:26,spirals-bears,e853272b-bf8e-41a0-b5a0-9d347947f4f6_03-18-week3-PASSING_AND_PASSING,12,0,0,23,0,1,0,0,25,0,0,10,0,3,0,54,128
352073175,2018swecapstone/h2ms,30/08/18 17:29,spirals-bears,e853272b-bf8e-41a0-b5a0-9d347947f4f6_03-18-week3-PASSING_AND_PASSING,11,0,2,25,0,4,0,0,27,4,0,10,2,5,0,59,149
354233786,MyCoRe-Org/mycore,30/08/18 17:30,spirals-bears,e853272b-bf8e-41a0-b5a0-9d347947f4f6_03-18-week3-PASSING_AND_PASSING,10,28,0,324,0,29,21,1,427,4,0,212,1,45,31,389,1522
350179296,fabric8io/fabric8-maven-plugin,30/08/18 17:30,spirals-bears,e853272b-bf8e-41a0-b5a0-9d347947f4f6_03-18-week3-PASSING_AND_PASSING,29,0,2,8,26,7,72
355923704,Activiti/Activiti,30/08/18 17:31,spirals-bears,e853272b-bf8e-41a0-b5a0-9d347947f4f6_03-18-week3-PASSING_AND_PASSING,34,4,38
356346599,Activiti/Activiti,30/08/18 17:31,spirals-bears,e853272b-bf8e-41a0-b5a0-9d347947f4f6_03-18-week3-PASSING_AND_PASSING,34,6,40
355888696,Activiti/Activiti,30/08/18 17:32,spirals-bears,e853272b-bf8e-41a0-b5a0-9d347947f4f6_03-18-week3-PASSING_AND_PASSING,32,3,35
355353231,Activiti/Activiti,30/08/18 17:32,spirals-bears,e853272b-bf8e-41a0-b5a0-9d347947f4f6_03-18-week3-PASSING_AND_PASSING,31,7,38
355790608,zalando/zalenium,30/08/18 17:32,spirals-bears,e853272b-bf8e-41a0-b5a0-9d347947f4f6_03-18-week3-PASSING_AND_PASSING,5,0,0,0,26,0,31
353706272,MyCoRe-Org/mycore,30/08/18 17:33,spirals-bears,e853272b-bf8e-41a0-b5a0-9d347947f4f6_03-18-week3-PASSING_AND_PASSING,8,30,0,324,0,30,33,0,421,1,1,209,1,59,37,400,1554
355877391,zalando/zalenium,30/08/18 17:33,spirals-bears,e853272b-bf8e-41a0-b5a0-9d347947f4f6_03-18-week3-PASSING_AND_PASSING,5,0,0,4,27,2,38
355332826,zalando/zalenium,30/08/18 17:33,spirals-bears,e853272b-bf8e-41a0-b5a0-9d347947f4f6_03-18-week3-PASSING_AND_PASSING,6,0,0,0,29,0,35
355832898,zalando/zalenium,30/08/18 17:34,spirals-bears,e853272b-bf8e-41a0-b5a0-9d347947f4f6_03-18-week3-PASSING_AND_PASSING,27,0,0,4,29,3,63
356411068,Spirals-Team/repairnator,30/08/18 17:34,spirals-bears,e853272b-bf8e-41a0-b5a0-9d347947f4f6_03-18-week3-PASSING_AND_PASSING,18,4,22
356428513,Spirals-Team/repairnator,30/08/18 17:36,spirals-bears,e853272b-bf8e-41a0-b5a0-9d347947f4f6_03-18-week3-PASSING_AND_PASSING,18,0,0,1,137,3,159
356378214,Spirals-Team/repairnator,30/08/18 17:36,spirals-bears,e853272b-bf8e-41a0-b5a0-9d347947f4f6_03-18-week3-PASSING_AND_PASSING,18,0,0,2,114,2,136
356429548,Spirals-Team/repairnator,30/08/18 17:36,spirals-bears,e853272b-bf8e-41a0-b5a0-9d347947f4f6_03-18-week3-PASSING_AND_PASSING,22,0,1,3,188,3,217
353376845,MyCoRe-Org/mycore,30/08/18 17:38,spirals-bears,e853272b-bf8e-41a0-b5a0-9d347947f4f6_03-18-week3-PASSING_AND_PASSING,11,29,0,439,0,44,29,0,443,1,1,212,1,48,38,420,1716
355393789,Spirals-Team/repairnator,30/08/18 17:38,spirals-bears,e853272b-bf8e-41a0-b5a0-9d347947f4f6_03-18-week3-PASSING_AND_PASSING,21,0,0,4,37,1,63
355863032,Spirals-Team/repairnator,30/08/18 17:39,spirals-bears,e853272b-bf8e-41a0-b5a0-9d347947f4f6_03-18-week3-PASSING_AND_PASSING,30,0,0,1,85,3,119
355943354,Spirals-Team/repairnator,30/08/18 17:39,spirals-bears,e853272b-bf8e-41a0-b5a0-9d347947f4f6_03-18-week3-PASSING_AND_PASSING,17,0,2,3,94,4,120
356373951,jnidzwetzki/bboxdb,30/08/18 17:40,spirals-bears,e853272b-bf8e-41a0-b5a0-9d347947f4f6_03-18-week3-PASSING_AND_PASSING,9,0,0,0,31,0,40
356509096,jnidzwetzki/bboxdb,30/08/18 17:41,spirals-bears,e853272b-bf8e-41a0-b5a0-9d347947f4f6_03-18-week3-PASSING_AND_PASSING,5,0,0,29,0,0,1,0,29,0,0,16,0,11,0,69,160
356538405,jnidzwetzki/bboxdb,30/08/18 17:41,spirals-bears,e853272b-bf8e-41a0-b5a0-9d347947f4f6_03-18-week3-PASSING_AND_PASSING,5,0,0,30,0,0,1,0,29,0,0,14,0,9,2,72,162
355548870,jnidzwetzki/bboxdb,30/08/18 17:42,spirals-bears,e853272b-bf8e-41a0-b5a0-9d347947f4f6_03-18-week3-PASSING_AND_PASSING,8,0,0,0,31,0,39
355549757,jnidzwetzki/bboxdb,30/08/18 17:42,spirals-bears,e853272b-bf8e-41a0-b5a0-9d347947f4f6_03-18-week3-PASSING_AND_PASSING,8,0,0,0,32,0,40
355922747,jnidzwetzki/bboxdb,30/08/18 17:42,spirals-bears,e853272b-bf8e-41a0-b5a0-9d347947f4f6_03-18-week3-PASSING_AND_PASSING,6,0,0,28,0,0,2,0,28,0,0,14,0,8,1,72,159
302431407,jnidzwetzki/bboxdb,30/08/18 17:43,spirals-bears,e853272b-bf8e-41a0-b5a0-9d347947f4f6_03-18-week3-PASSING_AND_PASSING,8,0,0,0,29,0,37
355371550,jnidzwetzki/bboxdb,30/08/18 17:43,spirals-bears,e853272b-bf8e-41a0-b5a0-9d347947f4f6_03-18-week3-PASSING_AND_PASSING,8,0,0,0,31,0,39
355898314,jnidzwetzki/bboxdb,30/08/18 17:43,spirals-bears,e853272b-bf8e-41a0-b5a0-9d347947f4f6_03-18-week3-PASSING_AND_PASSING,6,0,0,29,0,0,2,0,28,0,0,17,0,8,1,73,164
341672687,jacoco/jacoco,30/08/18 17:43,spirals-bears,e853272b-bf8e-41a0-b5a0-9d347947f4f6_03-18-week3-PASSING_AND_PASSING,6,0,6
341672715,jacoco/jacoco,30/08/18 17:43,spirals-bears,e853272b-bf8e-41a0-b5a0-9d347947f4f6_03-18-week3-PASSING_AND_PASSING,6,2,8
355853347,jacoco/jacoco,30/08/18 17:43,spirals-bears,e853272b-bf8e-41a0-b5a0-9d347947f4f6_03-18-week3-PASSING_AND_PASSING,6,0,0,0,6
354113161,jacoco/jacoco,30/08/18 17:43,spirals-bears,e853272b-bf8e-41a0-b5a0-9d347947f4f6_03-18-week3-PASSING_AND_PASSING,6,0,1,0,7
354602451,jacoco/jacoco,30/08/18 17:43,spirals-bears,e853272b-bf8e-41a0-b5a0-9d347947f4f6_03-18-week3-PASSING_AND_PASSING,6,0,6
354926741,jnidzwetzki/bboxdb,30/08/18 17:43,spirals-bears,e853272b-bf8e-41a0-b5a0-9d347947f4f6_03-18-week3-PASSING_AND_PASSING,8,0,1,0,32,0,41
354593455,jacoco/jacoco,30/08/18 17:43,spirals-bears,e853272b-bf8e-41a0-b5a0-9d347947f4f6_03-18-week3-PASSING_AND_PASSING,6,0,6
354950902,jnidzwetzki/bboxdb,30/08/18 17:45,spirals-bears,e853272b-bf8e-41a0-b5a0-9d347947f4f6_03-18-week3-PASSING_AND_PASSING,5,0,0,29,0,0,1,0,28,0,0,14,0,8,1,75,161
