48c73b9c-1328-499c-ba34-dd1c2d05cb62_03-18-week1-FAILING_AND_PASSING,350262360,N/A,26/08/18 14:31,26/08/2018,spirals-bears,DETECTED
48c73b9c-1328-499c-ba34-dd1c2d05cb62_03-18-week1-FAILING_AND_PASSING,350151287,N/A,26/08/18 14:31,26/08/2018,spirals-bears,DETECTED
48c73b9c-1328-499c-ba34-dd1c2d05cb62_03-18-week1-FAILING_AND_PASSING,349625277,N/A,26/08/18 14:31,26/08/2018,spirals-bears,DETECTED
48c73b9c-1328-499c-ba34-dd1c2d05cb62_03-18-week1-FAILING_AND_PASSING,348589808,N/A,26/08/18 14:31,26/08/2018,spirals-bears,DETECTED
48c73b9c-1328-499c-ba34-dd1c2d05cb62_03-18-week1-FAILING_AND_PASSING,348527735,N/A,26/08/18 14:31,26/08/2018,spirals-bears,DETECTED
48c73b9c-1328-499c-ba34-dd1c2d05cb62_03-18-week1-FAILING_AND_PASSING,348545091,N/A,26/08/18 14:31,26/08/2018,spirals-bears,DETECTED
48c73b9c-1328-499c-ba34-dd1c2d05cb62_03-18-week1-FAILING_AND_PASSING,348372853,N/A,26/08/18 14:31,26/08/2018,spirals-bears,DETECTED
48c73b9c-1328-499c-ba34-dd1c2d05cb62_03-18-week1-FAILING_AND_PASSING,348139025,N/A,26/08/18 14:31,26/08/2018,spirals-bears,DETECTED
48c73b9c-1328-499c-ba34-dd1c2d05cb62_03-18-week1-FAILING_AND_PASSING,348251460,N/A,26/08/18 14:31,26/08/2018,spirals-bears,DETECTED
48c73b9c-1328-499c-ba34-dd1c2d05cb62_03-18-week1-FAILING_AND_PASSING,347899425,N/A,26/08/18 14:31,26/08/2018,spirals-bears,DETECTED
48c73b9c-1328-499c-ba34-dd1c2d05cb62_03-18-week1-FAILING_AND_PASSING,347367625,N/A,26/08/18 14:31,26/08/2018,spirals-bears,DETECTED
48c73b9c-1328-499c-ba34-dd1c2d05cb62_03-18-week1-FAILING_AND_PASSING,347362957,N/A,26/08/18 14:31,26/08/2018,spirals-bears,DETECTED
48c73b9c-1328-499c-ba34-dd1c2d05cb62_03-18-week1-FAILING_AND_PASSING,350135175,N/A,26/08/18 14:31,26/08/2018,spirals-bears,DETECTED
48c73b9c-1328-499c-ba34-dd1c2d05cb62_03-18-week1-FAILING_AND_PASSING,350126827,N/A,26/08/18 14:31,26/08/2018,spirals-bears,DETECTED
48c73b9c-1328-499c-ba34-dd1c2d05cb62_03-18-week1-FAILING_AND_PASSING,350114165,N/A,26/08/18 14:31,26/08/2018,spirals-bears,DETECTED
48c73b9c-1328-499c-ba34-dd1c2d05cb62_03-18-week1-FAILING_AND_PASSING,350085616,N/A,26/08/18 14:31,26/08/2018,spirals-bears,DETECTED
48c73b9c-1328-499c-ba34-dd1c2d05cb62_03-18-week1-FAILING_AND_PASSING,350069856,N/A,26/08/18 14:31,26/08/2018,spirals-bears,DETECTED
48c73b9c-1328-499c-ba34-dd1c2d05cb62_03-18-week1-FAILING_AND_PASSING,350080544,N/A,26/08/18 14:31,26/08/2018,spirals-bears,DETECTED
48c73b9c-1328-499c-ba34-dd1c2d05cb62_03-18-week1-FAILING_AND_PASSING,349660608,N/A,26/08/18 14:31,26/08/2018,spirals-bears,DETECTED
48c73b9c-1328-499c-ba34-dd1c2d05cb62_03-18-week1-FAILING_AND_PASSING,348800442,N/A,26/08/18 14:31,26/08/2018,spirals-bears,DETECTED
48c73b9c-1328-499c-ba34-dd1c2d05cb62_03-18-week1-FAILING_AND_PASSING,349413087,N/A,26/08/18 14:31,26/08/2018,spirals-bears,DETECTED
48c73b9c-1328-499c-ba34-dd1c2d05cb62_03-18-week1-FAILING_AND_PASSING,348514591,N/A,26/08/18 14:31,26/08/2018,spirals-bears,DETECTED
48c73b9c-1328-499c-ba34-dd1c2d05cb62_03-18-week1-FAILING_AND_PASSING,349218542,N/A,26/08/18 14:31,26/08/2018,spirals-bears,DETECTED
48c73b9c-1328-499c-ba34-dd1c2d05cb62_03-18-week1-FAILING_AND_PASSING,349199707,N/A,26/08/18 14:31,26/08/2018,spirals-bears,DETECTED
48c73b9c-1328-499c-ba34-dd1c2d05cb62_03-18-week1-FAILING_AND_PASSING,348092685,N/A,26/08/18 14:31,26/08/2018,spirals-bears,DETECTED
48c73b9c-1328-499c-ba34-dd1c2d05cb62_03-18-week1-FAILING_AND_PASSING,347919329,N/A,26/08/18 14:31,26/08/2018,spirals-bears,DETECTED
48c73b9c-1328-499c-ba34-dd1c2d05cb62_03-18-week1-FAILING_AND_PASSING,348402691,N/A,26/08/18 14:31,26/08/2018,spirals-bears,DETECTED
48c73b9c-1328-499c-ba34-dd1c2d05cb62_03-18-week1-FAILING_AND_PASSING,348372635,N/A,26/08/18 14:31,26/08/2018,spirals-bears,DETECTED
48c73b9c-1328-499c-ba34-dd1c2d05cb62_03-18-week1-FAILING_AND_PASSING,347572319,N/A,26/08/18 14:31,26/08/2018,spirals-bears,DETECTED
48c73b9c-1328-499c-ba34-dd1c2d05cb62_03-18-week1-FAILING_AND_PASSING,348044368,N/A,26/08/18 14:31,26/08/2018,spirals-bears,DETECTED
48c73b9c-1328-499c-ba34-dd1c2d05cb62_03-18-week1-FAILING_AND_PASSING,349623237,N/A,26/08/18 14:31,26/08/2018,spirals-bears,DETECTED
48c73b9c-1328-499c-ba34-dd1c2d05cb62_03-18-week1-FAILING_AND_PASSING,348488625,N/A,26/08/18 14:31,26/08/2018,spirals-bears,DETECTED
48c73b9c-1328-499c-ba34-dd1c2d05cb62_03-18-week1-FAILING_AND_PASSING,349571440,N/A,26/08/18 14:31,26/08/2018,spirals-bears,DETECTED
48c73b9c-1328-499c-ba34-dd1c2d05cb62_03-18-week1-FAILING_AND_PASSING,348536404,N/A,26/08/18 14:31,26/08/2018,spirals-bears,DETECTED
48c73b9c-1328-499c-ba34-dd1c2d05cb62_03-18-week1-FAILING_AND_PASSING,348442951,N/A,26/08/18 14:31,26/08/2018,spirals-bears,DETECTED
48c73b9c-1328-499c-ba34-dd1c2d05cb62_03-18-week1-FAILING_AND_PASSING,347663579,N/A,26/08/18 14:31,26/08/2018,spirals-bears,DETECTED
48c73b9c-1328-499c-ba34-dd1c2d05cb62_03-18-week1-FAILING_AND_PASSING,348105154,N/A,26/08/18 14:31,26/08/2018,spirals-bears,DETECTED
48c73b9c-1328-499c-ba34-dd1c2d05cb62_03-18-week1-FAILING_AND_PASSING,347596789,N/A,26/08/18 14:31,26/08/2018,spirals-bears,DETECTED
48c73b9c-1328-499c-ba34-dd1c2d05cb62_03-18-week1-FAILING_AND_PASSING,347684220,N/A,26/08/18 14:31,26/08/2018,spirals-bears,DETECTED
48c73b9c-1328-499c-ba34-dd1c2d05cb62_03-18-week1-FAILING_AND_PASSING,347524823,N/A,26/08/18 14:31,26/08/2018,spirals-bears,DETECTED
48c73b9c-1328-499c-ba34-dd1c2d05cb62_03-18-week1-FAILING_AND_PASSING,350073568,N/A,26/08/18 14:31,26/08/2018,spirals-bears,DETECTED
48c73b9c-1328-499c-ba34-dd1c2d05cb62_03-18-week1-FAILING_AND_PASSING,349609561,N/A,26/08/18 14:31,26/08/2018,spirals-bears,DETECTED
48c73b9c-1328-499c-ba34-dd1c2d05cb62_03-18-week1-FAILING_AND_PASSING,349649919,N/A,26/08/18 14:31,26/08/2018,spirals-bears,DETECTED
48c73b9c-1328-499c-ba34-dd1c2d05cb62_03-18-week1-FAILING_AND_PASSING,349506965,N/A,26/08/18 14:31,26/08/2018,spirals-bears,DETECTED
48c73b9c-1328-499c-ba34-dd1c2d05cb62_03-18-week1-FAILING_AND_PASSING,349136388,N/A,26/08/18 14:31,26/08/2018,spirals-bears,DETECTED
48c73b9c-1328-499c-ba34-dd1c2d05cb62_03-18-week1-FAILING_AND_PASSING,349009372,N/A,26/08/18 14:31,26/08/2018,spirals-bears,DETECTED
48c73b9c-1328-499c-ba34-dd1c2d05cb62_03-18-week1-FAILING_AND_PASSING,348812972,N/A,26/08/18 14:31,26/08/2018,spirals-bears,DETECTED
48c73b9c-1328-499c-ba34-dd1c2d05cb62_03-18-week1-FAILING_AND_PASSING,348790884,N/A,26/08/18 14:31,26/08/2018,spirals-bears,DETECTED
48c73b9c-1328-499c-ba34-dd1c2d05cb62_03-18-week1-FAILING_AND_PASSING,348716065,N/A,26/08/18 14:31,26/08/2018,spirals-bears,DETECTED
48c73b9c-1328-499c-ba34-dd1c2d05cb62_03-18-week1-FAILING_AND_PASSING,348702848,N/A,26/08/18 14:31,26/08/2018,spirals-bears,DETECTED
48c73b9c-1328-499c-ba34-dd1c2d05cb62_03-18-week1-FAILING_AND_PASSING,348711286,N/A,26/08/18 14:31,26/08/2018,spirals-bears,DETECTED
48c73b9c-1328-499c-ba34-dd1c2d05cb62_03-18-week1-FAILING_AND_PASSING,348556317,N/A,26/08/18 14:31,26/08/2018,spirals-bears,DETECTED
48c73b9c-1328-499c-ba34-dd1c2d05cb62_03-18-week1-FAILING_AND_PASSING,347905765,N/A,26/08/18 14:31,26/08/2018,spirals-bears,DETECTED
48c73b9c-1328-499c-ba34-dd1c2d05cb62_03-18-week1-FAILING_AND_PASSING,347445179,N/A,26/08/18 14:31,26/08/2018,spirals-bears,DETECTED
48c73b9c-1328-499c-ba34-dd1c2d05cb62_03-18-week1-FAILING_AND_PASSING,348723618,N/A,26/08/18 14:31,26/08/2018,spirals-bears,DETECTED
48c73b9c-1328-499c-ba34-dd1c2d05cb62_03-18-week1-FAILING_AND_PASSING,349175157,N/A,26/08/18 14:31,26/08/2018,spirals-bears,DETECTED
48c73b9c-1328-499c-ba34-dd1c2d05cb62_03-18-week1-FAILING_AND_PASSING,348040968,N/A,26/08/18 14:31,26/08/2018,spirals-bears,DETECTED
48c73b9c-1328-499c-ba34-dd1c2d05cb62_03-18-week1-FAILING_AND_PASSING,345089559,N/A,26/08/18 14:31,26/08/2018,spirals-bears,DETECTED
48c73b9c-1328-499c-ba34-dd1c2d05cb62_03-18-week1-FAILING_AND_PASSING,348659501,N/A,26/08/18 14:31,26/08/2018,spirals-bears,DETECTED
48c73b9c-1328-499c-ba34-dd1c2d05cb62_03-18-week1-FAILING_AND_PASSING,347344922,N/A,26/08/18 14:31,26/08/2018,spirals-bears,DETECTED
48c73b9c-1328-499c-ba34-dd1c2d05cb62_03-18-week1-FAILING_AND_PASSING,348237540,N/A,26/08/18 14:31,26/08/2018,spirals-bears,DETECTED
48c73b9c-1328-499c-ba34-dd1c2d05cb62_03-18-week1-FAILING_AND_PASSING,343540431,N/A,26/08/18 14:31,26/08/2018,spirals-bears,DETECTED
48c73b9c-1328-499c-ba34-dd1c2d05cb62_03-18-week1-FAILING_AND_PASSING,346506661,N/A,26/08/18 14:31,26/08/2018,spirals-bears,DETECTED
48c73b9c-1328-499c-ba34-dd1c2d05cb62_03-18-week1-FAILING_AND_PASSING,348580283,N/A,26/08/18 14:31,26/08/2018,spirals-bears,DETECTED
48c73b9c-1328-499c-ba34-dd1c2d05cb62_03-18-week1-FAILING_AND_PASSING,348656338,N/A,26/08/18 14:31,26/08/2018,spirals-bears,DETECTED
48c73b9c-1328-499c-ba34-dd1c2d05cb62_03-18-week1-FAILING_AND_PASSING,348331084,N/A,26/08/18 14:31,26/08/2018,spirals-bears,DETECTED
48c73b9c-1328-499c-ba34-dd1c2d05cb62_03-18-week1-FAILING_AND_PASSING,349826240,N/A,26/08/18 14:31,26/08/2018,spirals-bears,DETECTED
48c73b9c-1328-499c-ba34-dd1c2d05cb62_03-18-week1-FAILING_AND_PASSING,349818809,N/A,26/08/18 14:31,26/08/2018,spirals-bears,DETECTED
48c73b9c-1328-499c-ba34-dd1c2d05cb62_03-18-week1-FAILING_AND_PASSING,348359460,N/A,26/08/18 14:31,26/08/2018,spirals-bears,DETECTED
48c73b9c-1328-499c-ba34-dd1c2d05cb62_03-18-week1-FAILING_AND_PASSING,348359443,N/A,26/08/18 14:31,26/08/2018,spirals-bears,DETECTED
48c73b9c-1328-499c-ba34-dd1c2d05cb62_03-18-week1-FAILING_AND_PASSING,348169067,N/A,26/08/18 14:31,26/08/2018,spirals-bears,DETECTED
48c73b9c-1328-499c-ba34-dd1c2d05cb62_03-18-week1-FAILING_AND_PASSING,349646299,N/A,26/08/18 14:31,26/08/2018,spirals-bears,DETECTED
48c73b9c-1328-499c-ba34-dd1c2d05cb62_03-18-week1-FAILING_AND_PASSING,349646288,N/A,26/08/18 14:31,26/08/2018,spirals-bears,DETECTED
48c73b9c-1328-499c-ba34-dd1c2d05cb62_03-18-week1-FAILING_AND_PASSING,349592458,N/A,26/08/18 14:31,26/08/2018,spirals-bears,DETECTED
48c73b9c-1328-499c-ba34-dd1c2d05cb62_03-18-week1-FAILING_AND_PASSING,349592462,N/A,26/08/18 14:31,26/08/2018,spirals-bears,DETECTED
48c73b9c-1328-499c-ba34-dd1c2d05cb62_03-18-week1-FAILING_AND_PASSING,349518450,N/A,26/08/18 14:31,26/08/2018,spirals-bears,DETECTED
48c73b9c-1328-499c-ba34-dd1c2d05cb62_03-18-week1-FAILING_AND_PASSING,349518375,N/A,26/08/18 14:31,26/08/2018,spirals-bears,DETECTED
48c73b9c-1328-499c-ba34-dd1c2d05cb62_03-18-week1-FAILING_AND_PASSING,348809094,N/A,26/08/18 14:31,26/08/2018,spirals-bears,DETECTED
48c73b9c-1328-499c-ba34-dd1c2d05cb62_03-18-week1-FAILING_AND_PASSING,348809096,N/A,26/08/18 14:31,26/08/2018,spirals-bears,DETECTED
48c73b9c-1328-499c-ba34-dd1c2d05cb62_03-18-week1-FAILING_AND_PASSING,348508705,N/A,26/08/18 14:31,26/08/2018,spirals-bears,DETECTED
48c73b9c-1328-499c-ba34-dd1c2d05cb62_03-18-week1-FAILING_AND_PASSING,348409769,N/A,26/08/18 14:31,26/08/2018,spirals-bears,DETECTED
48c73b9c-1328-499c-ba34-dd1c2d05cb62_03-18-week1-FAILING_AND_PASSING,348409750,N/A,26/08/18 14:31,26/08/2018,spirals-bears,DETECTED
48c73b9c-1328-499c-ba34-dd1c2d05cb62_03-18-week1-FAILING_AND_PASSING,348012369,N/A,26/08/18 14:31,26/08/2018,spirals-bears,DETECTED
48c73b9c-1328-499c-ba34-dd1c2d05cb62_03-18-week1-FAILING_AND_PASSING,347588693,N/A,26/08/18 14:31,26/08/2018,spirals-bears,DETECTED
48c73b9c-1328-499c-ba34-dd1c2d05cb62_03-18-week1-FAILING_AND_PASSING,348247233,N/A,26/08/18 14:31,26/08/2018,spirals-bears,DETECTED
48c73b9c-1328-499c-ba34-dd1c2d05cb62_03-18-week1-FAILING_AND_PASSING,347917278,N/A,26/08/18 14:31,26/08/2018,spirals-bears,DETECTED
48c73b9c-1328-499c-ba34-dd1c2d05cb62_03-18-week1-FAILING_AND_PASSING,347791146,N/A,26/08/18 14:31,26/08/2018,spirals-bears,DETECTED
48c73b9c-1328-499c-ba34-dd1c2d05cb62_03-18-week1-FAILING_AND_PASSING,349733823,N/A,26/08/18 14:31,26/08/2018,spirals-bears,DETECTED
48c73b9c-1328-499c-ba34-dd1c2d05cb62_03-18-week1-FAILING_AND_PASSING,349678351,N/A,26/08/18 14:31,26/08/2018,spirals-bears,DETECTED
48c73b9c-1328-499c-ba34-dd1c2d05cb62_03-18-week1-FAILING_AND_PASSING,347622143,N/A,26/08/18 14:31,26/08/2018,spirals-bears,DETECTED
48c73b9c-1328-499c-ba34-dd1c2d05cb62_03-18-week1-FAILING_AND_PASSING,350463132,N/A,26/08/18 14:31,26/08/2018,spirals-bears,DETECTED
48c73b9c-1328-499c-ba34-dd1c2d05cb62_03-18-week1-FAILING_AND_PASSING,350116142,N/A,26/08/18 14:31,26/08/2018,spirals-bears,DETECTED
48c73b9c-1328-499c-ba34-dd1c2d05cb62_03-18-week1-FAILING_AND_PASSING,349906093,N/A,26/08/18 14:31,26/08/2018,spirals-bears,DETECTED
48c73b9c-1328-499c-ba34-dd1c2d05cb62_03-18-week1-FAILING_AND_PASSING,348037725,N/A,26/08/18 14:31,26/08/2018,spirals-bears,DETECTED
48c73b9c-1328-499c-ba34-dd1c2d05cb62_03-18-week1-FAILING_AND_PASSING,349585301,N/A,26/08/18 14:31,26/08/2018,spirals-bears,DETECTED
48c73b9c-1328-499c-ba34-dd1c2d05cb62_03-18-week1-FAILING_AND_PASSING,349548307,N/A,26/08/18 14:31,26/08/2018,spirals-bears,DETECTED
48c73b9c-1328-499c-ba34-dd1c2d05cb62_03-18-week1-FAILING_AND_PASSING,349422308,N/A,26/08/18 14:31,26/08/2018,spirals-bears,DETECTED
48c73b9c-1328-499c-ba34-dd1c2d05cb62_03-18-week1-FAILING_AND_PASSING,349391822,N/A,26/08/18 14:31,26/08/2018,spirals-bears,DETECTED
48c73b9c-1328-499c-ba34-dd1c2d05cb62_03-18-week1-FAILING_AND_PASSING,349315504,N/A,26/08/18 14:31,26/08/2018,spirals-bears,DETECTED
48c73b9c-1328-499c-ba34-dd1c2d05cb62_03-18-week1-FAILING_AND_PASSING,349297194,N/A,26/08/18 14:31,26/08/2018,spirals-bears,DETECTED
48c73b9c-1328-499c-ba34-dd1c2d05cb62_03-18-week1-FAILING_AND_PASSING,349248071,N/A,26/08/18 14:31,26/08/2018,spirals-bears,DETECTED
48c73b9c-1328-499c-ba34-dd1c2d05cb62_03-18-week1-FAILING_AND_PASSING,348967510,N/A,26/08/18 14:31,26/08/2018,spirals-bears,DETECTED
48c73b9c-1328-499c-ba34-dd1c2d05cb62_03-18-week1-FAILING_AND_PASSING,348711956,N/A,26/08/18 14:31,26/08/2018,spirals-bears,DETECTED
48c73b9c-1328-499c-ba34-dd1c2d05cb62_03-18-week1-FAILING_AND_PASSING,348939926,N/A,26/08/18 14:31,26/08/2018,spirals-bears,DETECTED
48c73b9c-1328-499c-ba34-dd1c2d05cb62_03-18-week1-FAILING_AND_PASSING,348909205,N/A,26/08/18 14:31,26/08/2018,spirals-bears,DETECTED
48c73b9c-1328-499c-ba34-dd1c2d05cb62_03-18-week1-FAILING_AND_PASSING,348512515,N/A,26/08/18 14:31,26/08/2018,spirals-bears,DETECTED
48c73b9c-1328-499c-ba34-dd1c2d05cb62_03-18-week1-FAILING_AND_PASSING,348272346,N/A,26/08/18 14:31,26/08/2018,spirals-bears,DETECTED
48c73b9c-1328-499c-ba34-dd1c2d05cb62_03-18-week1-FAILING_AND_PASSING,348358844,N/A,26/08/18 14:31,26/08/2018,spirals-bears,DETECTED
48c73b9c-1328-499c-ba34-dd1c2d05cb62_03-18-week1-FAILING_AND_PASSING,348297634,N/A,26/08/18 14:31,26/08/2018,spirals-bears,DETECTED
48c73b9c-1328-499c-ba34-dd1c2d05cb62_03-18-week1-FAILING_AND_PASSING,348079668,N/A,26/08/18 14:31,26/08/2018,spirals-bears,DETECTED
48c73b9c-1328-499c-ba34-dd1c2d05cb62_03-18-week1-FAILING_AND_PASSING,348024574,N/A,26/08/18 14:31,26/08/2018,spirals-bears,DETECTED
48c73b9c-1328-499c-ba34-dd1c2d05cb62_03-18-week1-FAILING_AND_PASSING,347624725,N/A,26/08/18 14:31,26/08/2018,spirals-bears,DETECTED
48c73b9c-1328-499c-ba34-dd1c2d05cb62_03-18-week1-FAILING_AND_PASSING,347529504,N/A,26/08/18 14:31,26/08/2018,spirals-bears,DETECTED
48c73b9c-1328-499c-ba34-dd1c2d05cb62_03-18-week1-FAILING_AND_PASSING,347514455,N/A,26/08/18 14:31,26/08/2018,spirals-bears,DETECTED
48c73b9c-1328-499c-ba34-dd1c2d05cb62_03-18-week1-FAILING_AND_PASSING,347530671,N/A,26/08/18 14:31,26/08/2018,spirals-bears,DETECTED
48c73b9c-1328-499c-ba34-dd1c2d05cb62_03-18-week1-FAILING_AND_PASSING,347530680,N/A,26/08/18 14:31,26/08/2018,spirals-bears,DETECTED
48c73b9c-1328-499c-ba34-dd1c2d05cb62_03-18-week1-FAILING_AND_PASSING,347727806,N/A,26/08/18 14:31,26/08/2018,spirals-bears,DETECTED
48c73b9c-1328-499c-ba34-dd1c2d05cb62_03-18-week1-FAILING_AND_PASSING,349931405,N/A,26/08/18 14:31,26/08/2018,spirals-bears,DETECTED
48c73b9c-1328-499c-ba34-dd1c2d05cb62_03-18-week1-FAILING_AND_PASSING,348394668,N/A,26/08/18 14:31,26/08/2018,spirals-bears,DETECTED
48c73b9c-1328-499c-ba34-dd1c2d05cb62_03-18-week1-FAILING_AND_PASSING,349510744,N/A,26/08/18 14:31,26/08/2018,spirals-bears,DETECTED
48c73b9c-1328-499c-ba34-dd1c2d05cb62_03-18-week1-FAILING_AND_PASSING,348308196,N/A,26/08/18 14:31,26/08/2018,spirals-bears,DETECTED
48c73b9c-1328-499c-ba34-dd1c2d05cb62_03-18-week1-FAILING_AND_PASSING,347888569,N/A,26/08/18 14:31,26/08/2018,spirals-bears,DETECTED
48c73b9c-1328-499c-ba34-dd1c2d05cb62_03-18-week1-FAILING_AND_PASSING,347834870,N/A,26/08/18 14:31,26/08/2018,spirals-bears,DETECTED
48c73b9c-1328-499c-ba34-dd1c2d05cb62_03-18-week1-FAILING_AND_PASSING,347598206,N/A,26/08/18 14:31,26/08/2018,spirals-bears,DETECTED
48c73b9c-1328-499c-ba34-dd1c2d05cb62_03-18-week1-FAILING_AND_PASSING,347470380,N/A,26/08/18 14:31,26/08/2018,spirals-bears,DETECTED
48c73b9c-1328-499c-ba34-dd1c2d05cb62_03-18-week1-FAILING_AND_PASSING,347570739,N/A,26/08/18 14:31,26/08/2018,spirals-bears,DETECTED
48c73b9c-1328-499c-ba34-dd1c2d05cb62_03-18-week1-FAILING_AND_PASSING,349659543,N/A,26/08/18 14:31,26/08/2018,spirals-bears,DETECTED
48c73b9c-1328-499c-ba34-dd1c2d05cb62_03-18-week1-FAILING_AND_PASSING,349719777,N/A,26/08/18 14:31,26/08/2018,spirals-bears,DETECTED
48c73b9c-1328-499c-ba34-dd1c2d05cb62_03-18-week1-FAILING_AND_PASSING,349393700,N/A,26/08/18 14:31,26/08/2018,spirals-bears,DETECTED
48c73b9c-1328-499c-ba34-dd1c2d05cb62_03-18-week1-FAILING_AND_PASSING,349393630,N/A,26/08/18 14:31,26/08/2018,spirals-bears,DETECTED
48c73b9c-1328-499c-ba34-dd1c2d05cb62_03-18-week1-FAILING_AND_PASSING,348120228,N/A,26/08/18 14:31,26/08/2018,spirals-bears,DETECTED
48c73b9c-1328-499c-ba34-dd1c2d05cb62_03-18-week1-FAILING_AND_PASSING,349360363,N/A,26/08/18 14:31,26/08/2018,spirals-bears,DETECTED
48c73b9c-1328-499c-ba34-dd1c2d05cb62_03-18-week1-FAILING_AND_PASSING,349438949,N/A,26/08/18 14:31,26/08/2018,spirals-bears,DETECTED
48c73b9c-1328-499c-ba34-dd1c2d05cb62_03-18-week1-FAILING_AND_PASSING,349881067,N/A,26/08/18 14:31,26/08/2018,spirals-bears,DETECTED
48c73b9c-1328-499c-ba34-dd1c2d05cb62_03-18-week1-FAILING_AND_PASSING,349881190,N/A,26/08/18 14:31,26/08/2018,spirals-bears,DETECTED
48c73b9c-1328-499c-ba34-dd1c2d05cb62_03-18-week1-FAILING_AND_PASSING,348394864,N/A,26/08/18 14:31,26/08/2018,spirals-bears,DETECTED
48c73b9c-1328-499c-ba34-dd1c2d05cb62_03-18-week1-FAILING_AND_PASSING,348003693,N/A,26/08/18 14:31,26/08/2018,spirals-bears,DETECTED
48c73b9c-1328-499c-ba34-dd1c2d05cb62_03-18-week1-FAILING_AND_PASSING,347903726,N/A,26/08/18 14:31,26/08/2018,spirals-bears,DETECTED
48c73b9c-1328-499c-ba34-dd1c2d05cb62_03-18-week1-FAILING_AND_PASSING,347903666,N/A,26/08/18 14:31,26/08/2018,spirals-bears,DETECTED
48c73b9c-1328-499c-ba34-dd1c2d05cb62_03-18-week1-FAILING_AND_PASSING,347889987,N/A,26/08/18 14:31,26/08/2018,spirals-bears,DETECTED
48c73b9c-1328-499c-ba34-dd1c2d05cb62_03-18-week1-FAILING_AND_PASSING,347758753,N/A,26/08/18 14:31,26/08/2018,spirals-bears,DETECTED
48c73b9c-1328-499c-ba34-dd1c2d05cb62_03-18-week1-FAILING_AND_PASSING,347861277,N/A,26/08/18 14:31,26/08/2018,spirals-bears,DETECTED
48c73b9c-1328-499c-ba34-dd1c2d05cb62_03-18-week1-FAILING_AND_PASSING,347849373,N/A,26/08/18 14:31,26/08/2018,spirals-bears,DETECTED
48c73b9c-1328-499c-ba34-dd1c2d05cb62_03-18-week1-FAILING_AND_PASSING,347797657,N/A,26/08/18 14:31,26/08/2018,spirals-bears,DETECTED
48c73b9c-1328-499c-ba34-dd1c2d05cb62_03-18-week1-FAILING_AND_PASSING,349231161,N/A,26/08/18 14:31,26/08/2018,spirals-bears,DETECTED
48c73b9c-1328-499c-ba34-dd1c2d05cb62_03-18-week1-FAILING_AND_PASSING,347517912,N/A,26/08/18 14:31,26/08/2018,spirals-bears,DETECTED
48c73b9c-1328-499c-ba34-dd1c2d05cb62_03-18-week1-FAILING_AND_PASSING,348603448,N/A,26/08/18 14:31,26/08/2018,spirals-bears,DETECTED
48c73b9c-1328-499c-ba34-dd1c2d05cb62_03-18-week1-FAILING_AND_PASSING,349004833,N/A,26/08/18 14:31,26/08/2018,spirals-bears,DETECTED
48c73b9c-1328-499c-ba34-dd1c2d05cb62_03-18-week1-FAILING_AND_PASSING,347768819,N/A,26/08/18 14:31,26/08/2018,spirals-bears,DETECTED
48c73b9c-1328-499c-ba34-dd1c2d05cb62_03-18-week1-FAILING_AND_PASSING,350001655,N/A,26/08/18 14:31,26/08/2018,spirals-bears,DETECTED
48c73b9c-1328-499c-ba34-dd1c2d05cb62_03-18-week1-FAILING_AND_PASSING,349472629,N/A,26/08/18 14:31,26/08/2018,spirals-bears,DETECTED
48c73b9c-1328-499c-ba34-dd1c2d05cb62_03-18-week1-FAILING_AND_PASSING,349472582,N/A,26/08/18 14:31,26/08/2018,spirals-bears,DETECTED
48c73b9c-1328-499c-ba34-dd1c2d05cb62_03-18-week1-FAILING_AND_PASSING,350359885,N/A,26/08/18 14:31,26/08/2018,spirals-bears,DETECTED
48c73b9c-1328-499c-ba34-dd1c2d05cb62_03-18-week1-FAILING_AND_PASSING,350235744,N/A,26/08/18 14:31,26/08/2018,spirals-bears,DETECTED
48c73b9c-1328-499c-ba34-dd1c2d05cb62_03-18-week1-FAILING_AND_PASSING,347797210,N/A,26/08/18 14:31,26/08/2018,spirals-bears,DETECTED
48c73b9c-1328-499c-ba34-dd1c2d05cb62_03-18-week1-FAILING_AND_PASSING,345081398,N/A,26/08/18 14:31,26/08/2018,spirals-bears,DETECTED
48c73b9c-1328-499c-ba34-dd1c2d05cb62_03-18-week1-FAILING_AND_PASSING,345081219,N/A,26/08/18 14:31,26/08/2018,spirals-bears,DETECTED
48c73b9c-1328-499c-ba34-dd1c2d05cb62_03-18-week1-FAILING_AND_PASSING,348512177,N/A,26/08/18 14:31,26/08/2018,spirals-bears,DETECTED
48c73b9c-1328-499c-ba34-dd1c2d05cb62_03-18-week1-FAILING_AND_PASSING,348265143,N/A,26/08/18 14:31,26/08/2018,spirals-bears,DETECTED
48c73b9c-1328-499c-ba34-dd1c2d05cb62_03-18-week1-FAILING_AND_PASSING,348158125,N/A,26/08/18 14:31,26/08/2018,spirals-bears,DETECTED
48c73b9c-1328-499c-ba34-dd1c2d05cb62_03-18-week1-FAILING_AND_PASSING,348156219,N/A,26/08/18 14:31,26/08/2018,spirals-bears,DETECTED
48c73b9c-1328-499c-ba34-dd1c2d05cb62_03-18-week1-FAILING_AND_PASSING,350226395,N/A,26/08/18 14:31,26/08/2018,spirals-bears,DETECTED
48c73b9c-1328-499c-ba34-dd1c2d05cb62_03-18-week1-FAILING_AND_PASSING,346880149,N/A,26/08/18 14:31,26/08/2018,spirals-bears,DETECTED
48c73b9c-1328-499c-ba34-dd1c2d05cb62_03-18-week1-FAILING_AND_PASSING,341417677,N/A,26/08/18 14:31,26/08/2018,spirals-bears,DETECTED
48c73b9c-1328-499c-ba34-dd1c2d05cb62_03-18-week1-FAILING_AND_PASSING,341414838,N/A,26/08/18 14:31,26/08/2018,spirals-bears,DETECTED
48c73b9c-1328-499c-ba34-dd1c2d05cb62_03-18-week1-FAILING_AND_PASSING,348176450,N/A,26/08/18 14:31,26/08/2018,spirals-bears,DETECTED
48c73b9c-1328-499c-ba34-dd1c2d05cb62_03-18-week1-FAILING_AND_PASSING,349258030,N/A,26/08/18 14:31,26/08/2018,spirals-bears,DETECTED
48c73b9c-1328-499c-ba34-dd1c2d05cb62_03-18-week1-FAILING_AND_PASSING,348374090,N/A,26/08/18 14:31,26/08/2018,spirals-bears,DETECTED
48c73b9c-1328-499c-ba34-dd1c2d05cb62_03-18-week1-FAILING_AND_PASSING,349293370,N/A,26/08/18 14:31,26/08/2018,spirals-bears,DETECTED
48c73b9c-1328-499c-ba34-dd1c2d05cb62_03-18-week1-FAILING_AND_PASSING,349327903,N/A,26/08/18 14:31,26/08/2018,spirals-bears,DETECTED
48c73b9c-1328-499c-ba34-dd1c2d05cb62_03-18-week1-FAILING_AND_PASSING,349295799,N/A,26/08/18 14:31,26/08/2018,spirals-bears,DETECTED
48c73b9c-1328-499c-ba34-dd1c2d05cb62_03-18-week1-FAILING_AND_PASSING,348439627,N/A,26/08/18 14:31,26/08/2018,spirals-bears,DETECTED
48c73b9c-1328-499c-ba34-dd1c2d05cb62_03-18-week1-FAILING_AND_PASSING,348221016,N/A,26/08/18 14:31,26/08/2018,spirals-bears,DETECTED
48c73b9c-1328-499c-ba34-dd1c2d05cb62_03-18-week1-FAILING_AND_PASSING,347962934,N/A,26/08/18 14:31,26/08/2018,spirals-bears,DETECTED
48c73b9c-1328-499c-ba34-dd1c2d05cb62_03-18-week1-FAILING_AND_PASSING,347962890,N/A,26/08/18 14:31,26/08/2018,spirals-bears,DETECTED
48c73b9c-1328-499c-ba34-dd1c2d05cb62_03-18-week1-FAILING_AND_PASSING,347765361,N/A,26/08/18 14:31,26/08/2018,spirals-bears,DETECTED
48c73b9c-1328-499c-ba34-dd1c2d05cb62_03-18-week1-FAILING_AND_PASSING,347756953,N/A,26/08/18 14:31,26/08/2018,spirals-bears,DETECTED
48c73b9c-1328-499c-ba34-dd1c2d05cb62_03-18-week1-FAILING_AND_PASSING,347753461,N/A,26/08/18 14:31,26/08/2018,spirals-bears,DETECTED
48c73b9c-1328-499c-ba34-dd1c2d05cb62_03-18-week1-FAILING_AND_PASSING,347687198,N/A,26/08/18 14:31,26/08/2018,spirals-bears,DETECTED
48c73b9c-1328-499c-ba34-dd1c2d05cb62_03-18-week1-FAILING_AND_PASSING,349658615,N/A,26/08/18 14:31,26/08/2018,spirals-bears,DETECTED
48c73b9c-1328-499c-ba34-dd1c2d05cb62_03-18-week1-FAILING_AND_PASSING,349382841,N/A,26/08/18 14:31,26/08/2018,spirals-bears,DETECTED
48c73b9c-1328-499c-ba34-dd1c2d05cb62_03-18-week1-FAILING_AND_PASSING,349216482,N/A,26/08/18 14:31,26/08/2018,spirals-bears,DETECTED
48c73b9c-1328-499c-ba34-dd1c2d05cb62_03-18-week1-FAILING_AND_PASSING,350020209,N/A,26/08/18 14:31,26/08/2018,spirals-bears,DETECTED
48c73b9c-1328-499c-ba34-dd1c2d05cb62_03-18-week1-FAILING_AND_PASSING,348301792,N/A,26/08/18 14:31,26/08/2018,spirals-bears,DETECTED
48c73b9c-1328-499c-ba34-dd1c2d05cb62_03-18-week1-FAILING_AND_PASSING,349729645,N/A,26/08/18 14:31,26/08/2018,spirals-bears,DETECTED
48c73b9c-1328-499c-ba34-dd1c2d05cb62_03-18-week1-FAILING_AND_PASSING,348080323,N/A,26/08/18 14:31,26/08/2018,spirals-bears,DETECTED
48c73b9c-1328-499c-ba34-dd1c2d05cb62_03-18-week1-FAILING_AND_PASSING,347741033,N/A,26/08/18 14:31,26/08/2018,spirals-bears,DETECTED
48c73b9c-1328-499c-ba34-dd1c2d05cb62_03-18-week1-FAILING_AND_PASSING,347741050,N/A,26/08/18 14:31,26/08/2018,spirals-bears,DETECTED
48c73b9c-1328-499c-ba34-dd1c2d05cb62_03-18-week1-FAILING_AND_PASSING,350246478,N/A,26/08/18 14:31,26/08/2018,spirals-bears,DETECTED
48c73b9c-1328-499c-ba34-dd1c2d05cb62_03-18-week1-FAILING_AND_PASSING,348725206,N/A,26/08/18 14:31,26/08/2018,spirals-bears,DETECTED
48c73b9c-1328-499c-ba34-dd1c2d05cb62_03-18-week1-FAILING_AND_PASSING,350289810,N/A,26/08/18 14:31,26/08/2018,spirals-bears,DETECTED
48c73b9c-1328-499c-ba34-dd1c2d05cb62_03-18-week1-FAILING_AND_PASSING,349210301,N/A,26/08/18 14:31,26/08/2018,spirals-bears,DETECTED
48c73b9c-1328-499c-ba34-dd1c2d05cb62_03-18-week1-FAILING_AND_PASSING,349172462,N/A,26/08/18 14:31,26/08/2018,spirals-bears,DETECTED
48c73b9c-1328-499c-ba34-dd1c2d05cb62_03-18-week1-FAILING_AND_PASSING,349064199,N/A,26/08/18 14:31,26/08/2018,spirals-bears,DETECTED
48c73b9c-1328-499c-ba34-dd1c2d05cb62_03-18-week1-FAILING_AND_PASSING,349375083,N/A,26/08/18 14:31,26/08/2018,spirals-bears,DETECTED
48c73b9c-1328-499c-ba34-dd1c2d05cb62_03-18-week1-FAILING_AND_PASSING,348157930,N/A,26/08/18 14:31,26/08/2018,spirals-bears,DETECTED
48c73b9c-1328-499c-ba34-dd1c2d05cb62_03-18-week1-FAILING_AND_PASSING,348156982,N/A,26/08/18 14:31,26/08/2018,spirals-bears,DETECTED
48c73b9c-1328-499c-ba34-dd1c2d05cb62_03-18-week1-FAILING_AND_PASSING,349942519,N/A,26/08/18 14:31,26/08/2018,spirals-bears,DETECTED
48c73b9c-1328-499c-ba34-dd1c2d05cb62_03-18-week1-FAILING_AND_PASSING,349958225,N/A,26/08/18 14:31,26/08/2018,spirals-bears,DETECTED
48c73b9c-1328-499c-ba34-dd1c2d05cb62_03-18-week1-FAILING_AND_PASSING,349830859,N/A,26/08/18 14:31,26/08/2018,spirals-bears,DETECTED
48c73b9c-1328-499c-ba34-dd1c2d05cb62_03-18-week1-FAILING_AND_PASSING,349371756,N/A,26/08/18 14:31,26/08/2018,spirals-bears,DETECTED
48c73b9c-1328-499c-ba34-dd1c2d05cb62_03-18-week1-FAILING_AND_PASSING,347406719,N/A,26/08/18 14:31,26/08/2018,spirals-bears,DETECTED
48c73b9c-1328-499c-ba34-dd1c2d05cb62_03-18-week1-FAILING_AND_PASSING,348029369,N/A,26/08/18 14:31,26/08/2018,spirals-bears,DETECTED
48c73b9c-1328-499c-ba34-dd1c2d05cb62_03-18-week1-FAILING_AND_PASSING,348131214,N/A,26/08/18 14:31,26/08/2018,spirals-bears,DETECTED
48c73b9c-1328-499c-ba34-dd1c2d05cb62_03-18-week1-FAILING_AND_PASSING,347883230,N/A,26/08/18 14:31,26/08/2018,spirals-bears,DETECTED
48c73b9c-1328-499c-ba34-dd1c2d05cb62_03-18-week1-FAILING_AND_PASSING,347635260,N/A,26/08/18 14:31,26/08/2018,spirals-bears,DETECTED
48c73b9c-1328-499c-ba34-dd1c2d05cb62_03-18-week1-FAILING_AND_PASSING,348858219,N/A,26/08/18 14:31,26/08/2018,spirals-bears,DETECTED
48c73b9c-1328-499c-ba34-dd1c2d05cb62_03-18-week1-FAILING_AND_PASSING,348944188,N/A,26/08/18 14:31,26/08/2018,spirals-bears,DETECTED
48c73b9c-1328-499c-ba34-dd1c2d05cb62_03-18-week1-FAILING_AND_PASSING,348814633,N/A,26/08/18 14:31,26/08/2018,spirals-bears,DETECTED
48c73b9c-1328-499c-ba34-dd1c2d05cb62_03-18-week1-FAILING_AND_PASSING,348718728,N/A,26/08/18 14:31,26/08/2018,spirals-bears,DETECTED
48c73b9c-1328-499c-ba34-dd1c2d05cb62_03-18-week1-FAILING_AND_PASSING,343862627,N/A,26/08/18 14:31,26/08/2018,spirals-bears,DETECTED
48c73b9c-1328-499c-ba34-dd1c2d05cb62_03-18-week1-FAILING_AND_PASSING,343851763,N/A,26/08/18 14:31,26/08/2018,spirals-bears,DETECTED
48c73b9c-1328-499c-ba34-dd1c2d05cb62_03-18-week1-FAILING_AND_PASSING,350329442,N/A,26/08/18 14:31,26/08/2018,spirals-bears,DETECTED
48c73b9c-1328-499c-ba34-dd1c2d05cb62_03-18-week1-FAILING_AND_PASSING,350165874,N/A,26/08/18 14:31,26/08/2018,spirals-bears,DETECTED
48c73b9c-1328-499c-ba34-dd1c2d05cb62_03-18-week1-FAILING_AND_PASSING,348847447,N/A,26/08/18 14:31,26/08/2018,spirals-bears,DETECTED
48c73b9c-1328-499c-ba34-dd1c2d05cb62_03-18-week1-FAILING_AND_PASSING,348565791,N/A,26/08/18 14:31,26/08/2018,spirals-bears,DETECTED
48c73b9c-1328-499c-ba34-dd1c2d05cb62_03-18-week1-FAILING_AND_PASSING,348416796,N/A,26/08/18 14:31,26/08/2018,spirals-bears,DETECTED
48c73b9c-1328-499c-ba34-dd1c2d05cb62_03-18-week1-FAILING_AND_PASSING,350262360,d2611292494a852cfff5f9a718a05c7ad80407ad6ced2d79d8a343e698a8c95c,26/08/18 14:33,26/08/2018,spirals-bears,TREATED
48c73b9c-1328-499c-ba34-dd1c2d05cb62_03-18-week1-FAILING_AND_PASSING,350151287,df444ad181248fef8600d59b2441f73c26addff50eeeec76770cda173f988aa6,26/08/18 14:33,26/08/2018,spirals-bears,TREATED
48c73b9c-1328-499c-ba34-dd1c2d05cb62_03-18-week1-FAILING_AND_PASSING,348527735,63f2ba1737dfc5dae83fa3047fa1536b6931a65e5e3c75becf71b5890b1f368b,26/08/18 14:34,26/08/2018,spirals-bears,TREATED
48c73b9c-1328-499c-ba34-dd1c2d05cb62_03-18-week1-FAILING_AND_PASSING,348372853,441a7eb7a87a2ac1ddfcb1c19817ffca5a023b5c7b9183198442c4b0afe9d864,26/08/18 14:35,26/08/2018,spirals-bears,TREATED
48c73b9c-1328-499c-ba34-dd1c2d05cb62_03-18-week1-FAILING_AND_PASSING,348589808,73d5e01b3e46ae887b517570d9ac3409bdbb93b6d7c3232b08efc5ed3b74608c,26/08/18 14:36,26/08/2018,spirals-bears,TREATED
48c73b9c-1328-499c-ba34-dd1c2d05cb62_03-18-week1-FAILING_AND_PASSING,349625277,99b3587a1751a0a25f387022b57996b9cf6d9134bf676154b2f7242117bd4e8f,26/08/18 15:19,26/08/2018,spirals-bears,TREATED
48c73b9c-1328-499c-ba34-dd1c2d05cb62_03-18-week1-FAILING_AND_PASSING,347899425,20c683866716eebcef022693dab6ef2201e7107c691e4277a3e9ca97095157c9,26/08/18 15:21,26/08/2018,spirals-bears,TREATED
48c73b9c-1328-499c-ba34-dd1c2d05cb62_03-18-week1-FAILING_AND_PASSING,347367625,eae44360f527c490de82333e38ab52b44cb23f387ad4f295842952e93e6563c4,26/08/18 15:22,26/08/2018,spirals-bears,TREATED
48c73b9c-1328-499c-ba34-dd1c2d05cb62_03-18-week1-FAILING_AND_PASSING,348139025,297f43ffcab9bd841e6d74f18791ebcfed3e6bd387eeeb5dfdcc15ec167a4748,26/08/18 15:23,26/08/2018,spirals-bears,TREATED
48c73b9c-1328-499c-ba34-dd1c2d05cb62_03-18-week1-FAILING_AND_PASSING,347362957,9a152568e53bbe57de34b570bf98032c2e8411a6d488244a5364c6e4e383a231,26/08/18 15:24,26/08/2018,spirals-bears,TREATED
48c73b9c-1328-499c-ba34-dd1c2d05cb62_03-18-week1-FAILING_AND_PASSING,350135175,0290a9383bc1cfed38008484488e2d7cd31a563fb188ec8edeca373c981ae880,26/08/18 15:24,26/08/2018,spirals-bears,TREATED
48c73b9c-1328-499c-ba34-dd1c2d05cb62_03-18-week1-FAILING_AND_PASSING,348545091,612f0a3af4b4c9f645dbbfe823a55890acca04359adb430d35e2758b37a05e28,26/08/18 15:25,26/08/2018,spirals-bears,TREATED
48c73b9c-1328-499c-ba34-dd1c2d05cb62_03-18-week1-FAILING_AND_PASSING,350085616,0f7b5e64edd578a59146a64b948b85970a9289180659359d0b711cfbd1bb446b,26/08/18 15:26,26/08/2018,spirals-bears,TREATED
48c73b9c-1328-499c-ba34-dd1c2d05cb62_03-18-week1-FAILING_AND_PASSING,348251460,8c2ed8419f08ff4e95519cd38e410a3a2af0aca22d48c4fc0442aa6e5c25ad3e,26/08/18 15:27,26/08/2018,spirals-bears,TREATED
48c73b9c-1328-499c-ba34-dd1c2d05cb62_03-18-week1-FAILING_AND_PASSING,350069856,c74c895eda0e0bd0eb4fab5481393b015f204bba6e7bedbe1d07b6a99551a9c5,26/08/18 15:27,26/08/2018,spirals-bears,TREATED
48c73b9c-1328-499c-ba34-dd1c2d05cb62_03-18-week1-FAILING_AND_PASSING,350080544,3f585fdab7f8ea56524622e4143ce3d5329ca2b0c442210d960c474d07cae79a,26/08/18 15:28,26/08/2018,spirals-bears,TREATED
48c73b9c-1328-499c-ba34-dd1c2d05cb62_03-18-week1-FAILING_AND_PASSING,348800442,26aab18771fdf57ffa67f1d190585414005440e7413300df970771c99657a99d,26/08/18 15:29,26/08/2018,spirals-bears,TREATED
48c73b9c-1328-499c-ba34-dd1c2d05cb62_03-18-week1-FAILING_AND_PASSING,349413087,c448634802c49c835a2d61b7eb30b2dec270101a8ab43c2253f1936a2324b33d,26/08/18 15:30,26/08/2018,spirals-bears,TREATED
48c73b9c-1328-499c-ba34-dd1c2d05cb62_03-18-week1-FAILING_AND_PASSING,348514591,2aa7056aec5f2912cab644984b3dd629dc7bc45baf9572fea0f1d4bac53a911e,26/08/18 15:31,26/08/2018,spirals-bears,TREATED
48c73b9c-1328-499c-ba34-dd1c2d05cb62_03-18-week1-FAILING_AND_PASSING,350114165,15d5cc8a1463ab5eef0bc7f943473032fd6dbea5e1c26b8cb844d262cee20a7b,26/08/18 15:55,26/08/2018,spirals-bears,TREATED
48c73b9c-1328-499c-ba34-dd1c2d05cb62_03-18-week1-FAILING_AND_PASSING,350126827,e251b890df061a1430990761b74e2e4673757c8a7489a764d896f8b9dcb08ef9,26/08/18 15:55,26/08/2018,spirals-bears,TREATED
48c73b9c-1328-499c-ba34-dd1c2d05cb62_03-18-week1-FAILING_AND_PASSING,348092685,a0974f61cc4148725ab8695164881d8613a406a671dd1123aae2f00bed02a2b2,26/08/18 15:56,26/08/2018,spirals-bears,TREATED
48c73b9c-1328-499c-ba34-dd1c2d05cb62_03-18-week1-FAILING_AND_PASSING,347919329,ff6afbc211cea0b09a8606705e2cde5955c6707299b860b0937e8713c2a12e04,26/08/18 15:57,26/08/2018,spirals-bears,TREATED
48c73b9c-1328-499c-ba34-dd1c2d05cb62_03-18-week1-FAILING_AND_PASSING,349660608,10530d2c2da5e00fcf281941606aa9743c1b92d5acc512e21735dfe6a834d15a,26/08/18 15:57,26/08/2018,spirals-bears,TREATED
48c73b9c-1328-499c-ba34-dd1c2d05cb62_03-18-week1-FAILING_AND_PASSING,349199707,0c8a1acf275a609734bfbf0c2dc04d4b56b63583faa61443e53ea50c62611795,26/08/18 15:58,26/08/2018,spirals-bears,TREATED
48c73b9c-1328-499c-ba34-dd1c2d05cb62_03-18-week1-FAILING_AND_PASSING,348372635,bb8f2b9b12d556f4d8dc53a56472a2c8914fc7c25bd14e21a0adb69981dc0882,26/08/18 15:58,26/08/2018,spirals-bears,TREATED
48c73b9c-1328-499c-ba34-dd1c2d05cb62_03-18-week1-FAILING_AND_PASSING,349218542,8f8b631c97699fd3900a6f5f3f6e982012c1d66cbb6d474afb814b6f2425f187,26/08/18 16:02,26/08/2018,spirals-bears,TREATED
48c73b9c-1328-499c-ba34-dd1c2d05cb62_03-18-week1-FAILING_AND_PASSING,347572319,8998c158ebe05481e1283a76308f28fbbb13673591540ab2672c46514d91e07e,26/08/18 16:32,26/08/2018,spirals-bears,TREATED
48c73b9c-1328-499c-ba34-dd1c2d05cb62_03-18-week1-FAILING_AND_PASSING,348402691,497bfa8da489eec7e998beb43ff516812040f5ce46e56c2a6d11c5a08dc05664,26/08/18 16:32,26/08/2018,spirals-bears,TREATED
48c73b9c-1328-499c-ba34-dd1c2d05cb62_03-18-week1-FAILING_AND_PASSING,349623237,2a7fd38d34bc02ef665819688108d115cc7d20ec33e061def872094680e78cd3,26/08/18 17:20,26/08/2018,spirals-bears,TREATED
48c73b9c-1328-499c-ba34-dd1c2d05cb62_03-18-week1-FAILING_AND_PASSING,348044368,fae3407a187a147332cb1ed6a057c6ff3f875c840aea0115e4e202ff28befc14,26/08/18 17:22,26/08/2018,spirals-bears,TREATED
48c73b9c-1328-499c-ba34-dd1c2d05cb62_03-18-week1-FAILING_AND_PASSING,348488625,cb57f673afc64944b464121783702b889973cbd4623f2a09df86a707e8b80306,26/08/18 17:39,26/08/2018,spirals-bears,TREATED
48c73b9c-1328-499c-ba34-dd1c2d05cb62_03-18-week1-FAILING_AND_PASSING,349571440,416b3fe7091745e36b9c748741280bfa469b835eafa4ef9c4cf790f3c370cccc,26/08/18 17:44,26/08/2018,spirals-bears,TREATED
48c73b9c-1328-499c-ba34-dd1c2d05cb62_03-18-week1-FAILING_AND_PASSING,348105154,a7712a76f0fbb9cf3f5855a2689d003747651a6a9a15987be0c4677039e5d029,26/08/18 17:46,26/08/2018,spirals-bears,TREATED
48c73b9c-1328-499c-ba34-dd1c2d05cb62_03-18-week1-FAILING_AND_PASSING,347596789,f081f571e5e9ec1b6c7579f614df7d73a9b52a33c4e4940e8e2b30edd91c1ba5,26/08/18 17:54,26/08/2018,spirals-bears,TREATED
48c73b9c-1328-499c-ba34-dd1c2d05cb62_03-18-week1-FAILING_AND_PASSING,348536404,147c50a36acc6aac90464c375d6e28ea2dbf2300d3eacb7143bd138f54cbc55b,26/08/18 17:57,26/08/2018,spirals-bears,TREATED
48c73b9c-1328-499c-ba34-dd1c2d05cb62_03-18-week1-FAILING_AND_PASSING,347684220,7838ecb1623bcdabeed38de3422ce8494de4a6fc4d9738e6217331fea2c622cd,26/08/18 17:57,26/08/2018,spirals-bears,TREATED
48c73b9c-1328-499c-ba34-dd1c2d05cb62_03-18-week1-FAILING_AND_PASSING,347524823,57c6f94a12dd4a84fa42f96ed6cb38e331332113600e09fe6021a29d9c3284bc,26/08/18 17:58,26/08/2018,spirals-bears,TREATED
48c73b9c-1328-499c-ba34-dd1c2d05cb62_03-18-week1-FAILING_AND_PASSING,349609561,b90b2c20364961806d0469d2250d16c248155b04fbf993b2bec2e3a3300f7934,26/08/18 18:38,26/08/2018,spirals-bears,TREATED
48c73b9c-1328-499c-ba34-dd1c2d05cb62_03-18-week1-FAILING_AND_PASSING,350073568,1c3172c9707b155cdc4bbdc88db159bfd605dea79deabc26da78b9e2253d90b8,26/08/18 18:38,26/08/2018,spirals-bears,TREATED
48c73b9c-1328-499c-ba34-dd1c2d05cb62_03-18-week1-FAILING_AND_PASSING,348442951,5c01e31d91dedca113cc7db7d7cf9ffa5ce626e53a7ee61f169c5d1193a2266d,26/08/18 18:39,26/08/2018,spirals-bears,TREATED
48c73b9c-1328-499c-ba34-dd1c2d05cb62_03-18-week1-FAILING_AND_PASSING,347663579,1e6c82334af41220b3724b28f8f8c1b40efea81ef20b9eacf25853d8d685ea1d,26/08/18 18:50,26/08/2018,spirals-bears,TREATED
48c73b9c-1328-499c-ba34-dd1c2d05cb62_03-18-week1-FAILING_AND_PASSING,349506965,c97e1f86dae47d655a415dbe1099d94f96a6845f15c67b3c88b6c60b4dc184d5,26/08/18 19:10,26/08/2018,spirals-bears,TREATED
48c73b9c-1328-499c-ba34-dd1c2d05cb62_03-18-week1-FAILING_AND_PASSING,349136388,e6a224663aee66dc8a3de1dc9bfb12ffd85ec75bdaa91ede5a8a06b6508561fc,26/08/18 19:12,26/08/2018,spirals-bears,TREATED
48c73b9c-1328-499c-ba34-dd1c2d05cb62_03-18-week1-FAILING_AND_PASSING,349649919,59754e941a7dc177699b706fdc6f3b270c68e830d95a8e3e9e7fa0533fb860d5,26/08/18 19:19,26/08/2018,spirals-bears,TREATED
48c73b9c-1328-499c-ba34-dd1c2d05cb62_03-18-week1-FAILING_AND_PASSING,349009372,d91ec9f6316ee4d2af35ddae75fa2b0c130803ca842e87dd349650f4a79f82ed,26/08/18 19:28,26/08/2018,spirals-bears,TREATED
48c73b9c-1328-499c-ba34-dd1c2d05cb62_03-18-week1-FAILING_AND_PASSING,348716065,1590b92d30bed903aff329a52489b5b05858ceaad1fa988fa9977d3600c68241,26/08/18 19:29,26/08/2018,spirals-bears,TREATED
48c73b9c-1328-499c-ba34-dd1c2d05cb62_03-18-week1-FAILING_AND_PASSING,348812972,25205b912dfc62c39b181e803eaa91c7a264d0b56e9e00d875940fcc6619d12e,26/08/18 19:45,26/08/2018,spirals-bears,TREATED
48c73b9c-1328-499c-ba34-dd1c2d05cb62_03-18-week1-FAILING_AND_PASSING,348790884,bc54fcf36b30f93400297ece29b5d1757280bab7b2e1e196769276fa2f1985e4,26/08/18 19:46,26/08/2018,spirals-bears,TREATED
48c73b9c-1328-499c-ba34-dd1c2d05cb62_03-18-week1-FAILING_AND_PASSING,348711286,7f7fa534d198c38e80ec7d29bbaebb2afd5bcf74f3e3f0d03e9da0577a45ef48,26/08/18 20:05,26/08/2018,spirals-bears,TREATED
48c73b9c-1328-499c-ba34-dd1c2d05cb62_03-18-week1-FAILING_AND_PASSING,348702848,d35f2a8925b0b5e8e4b3a33a0961615a18995db32f50b13675ab716fc56b1975,26/08/18 20:07,26/08/2018,spirals-bears,TREATED
48c73b9c-1328-499c-ba34-dd1c2d05cb62_03-18-week1-FAILING_AND_PASSING,348723618,b836ce5c7362dca5af72e519622d9fb16895b0dfd98be0cb74206ced1a42b7dd,26/08/18 20:08,26/08/2018,spirals-bears,TREATED
48c73b9c-1328-499c-ba34-dd1c2d05cb62_03-18-week1-FAILING_AND_PASSING,348556317,e2e41ab0e74e710e5f11ff3354160b5f245365aea1febe0a8d9fe39a7112504f,26/08/18 20:18,26/08/2018,spirals-bears,TREATED
48c73b9c-1328-499c-ba34-dd1c2d05cb62_03-18-week1-FAILING_AND_PASSING,347905765,5bcb4e6490a68d0194cf8a7925af21c3b64dc2a8674289b520a2ad33383aae0e,26/08/18 20:20,26/08/2018,spirals-bears,TREATED
48c73b9c-1328-499c-ba34-dd1c2d05cb62_03-18-week1-FAILING_AND_PASSING,349175157,6687c405f2ed3867e394a8a742cde059e5552e6ac39501cb051075c8ccd527d2,26/08/18 20:36,26/08/2018,spirals-bears,TREATED
48c73b9c-1328-499c-ba34-dd1c2d05cb62_03-18-week1-FAILING_AND_PASSING,348659501,4beaab6fec417ae730ea1dc678d0805f0ce8a8321f89a96c386e9a5ec75c3df4,26/08/18 20:36,26/08/2018,spirals-bears,TREATED
48c73b9c-1328-499c-ba34-dd1c2d05cb62_03-18-week1-FAILING_AND_PASSING,347344922,8d18372fee0f3bc84260edc57f1ac43044a6cc62eb1db25ab718d33be1f4a272,26/08/18 20:37,26/08/2018,spirals-bears,TREATED
48c73b9c-1328-499c-ba34-dd1c2d05cb62_03-18-week1-FAILING_AND_PASSING,347445179,c15c55c4e79062861538426ad4e23b9f5253e9e97827b16afb55418956ffb2ec,26/08/18 20:43,26/08/2018,spirals-bears,TREATED
48c73b9c-1328-499c-ba34-dd1c2d05cb62_03-18-week1-FAILING_AND_PASSING,348040968,bc98ae7dc113e98199ce827deafe437605a3bf182175ce9b978be474a4c18080,26/08/18 20:46,26/08/2018,spirals-bears,TREATED
48c73b9c-1328-499c-ba34-dd1c2d05cb62_03-18-week1-FAILING_AND_PASSING,346506661,30de0c077780e980dd226e1ff7c1d95a1eb3735a30b68ba71c599acbc6dde13a,26/08/18 20:47,26/08/2018,spirals-bears,TREATED
48c73b9c-1328-499c-ba34-dd1c2d05cb62_03-18-week1-FAILING_AND_PASSING,348580283,8573f8897604c8d37143172616454fa953c57ae00d2cd608cf160b8a885d0ca6,26/08/18 20:48,26/08/2018,spirals-bears,TREATED
48c73b9c-1328-499c-ba34-dd1c2d05cb62_03-18-week1-FAILING_AND_PASSING,348656338,9249548960fb13e1ed47708b0dc7bf7d52e775a2e6fd86da3201bdf817a3969b,26/08/18 20:48,26/08/2018,spirals-bears,TREATED
48c73b9c-1328-499c-ba34-dd1c2d05cb62_03-18-week1-FAILING_AND_PASSING,348331084,853242ff4767722a2860048bd859a20ebef3334a96020e18834b9b42bef817b4,26/08/18 20:48,26/08/2018,spirals-bears,TREATED
48c73b9c-1328-499c-ba34-dd1c2d05cb62_03-18-week1-FAILING_AND_PASSING,345089559,b73f35dd8e138c055b68bd1923d2809132f2fa7f5efdb29a299b326b8ec9d06d,26/08/18 20:49,26/08/2018,spirals-bears,TREATED
48c73b9c-1328-499c-ba34-dd1c2d05cb62_03-18-week1-FAILING_AND_PASSING,349826240,508349301b9968024cc95512b0f82186add176d737a04f5ca237f679826975c4,26/08/18 20:49,26/08/2018,spirals-bears,TREATED
48c73b9c-1328-499c-ba34-dd1c2d05cb62_03-18-week1-FAILING_AND_PASSING,349818809,c7156a2543d8403ac6518a6091456289d49045fe9c888a7c3fd2a07b60fc7ba8,26/08/18 20:49,26/08/2018,spirals-bears,TREATED
48c73b9c-1328-499c-ba34-dd1c2d05cb62_03-18-week1-FAILING_AND_PASSING,348359460,0f7ddbdfd28621b85ed5925cd9be89778259940d7938cafc7f35fdc65233287a,26/08/18 20:50,26/08/2018,spirals-bears,TREATED
48c73b9c-1328-499c-ba34-dd1c2d05cb62_03-18-week1-FAILING_AND_PASSING,348359443,87b5f0f2f463188d59a24188cfdd0a0020a7428128309fde1657ce301fa0f465,26/08/18 20:50,26/08/2018,spirals-bears,TREATED
48c73b9c-1328-499c-ba34-dd1c2d05cb62_03-18-week1-FAILING_AND_PASSING,348169067,d5a02b1bad3ec831ecc6a816a5315a73d2c6a347052354af4522fc7c13649a3d,26/08/18 20:51,26/08/2018,spirals-bears,TREATED
48c73b9c-1328-499c-ba34-dd1c2d05cb62_03-18-week1-FAILING_AND_PASSING,349646299,c6db5c3092c082af9c0d5c308a2a0624c3f4e4fd675e5e4ac145217e25037c7d,26/08/18 20:51,26/08/2018,spirals-bears,TREATED
48c73b9c-1328-499c-ba34-dd1c2d05cb62_03-18-week1-FAILING_AND_PASSING,349646288,c0da86a386b09268c70b192cdecbd35b221a6b47cab442ebdfe034cb258f5d86,26/08/18 20:52,26/08/2018,spirals-bears,TREATED
48c73b9c-1328-499c-ba34-dd1c2d05cb62_03-18-week1-FAILING_AND_PASSING,349592458,5b77068f436fde6f9fe844da45cd4687103152c42d34478d7844bba6a9ebdb0e,26/08/18 20:52,26/08/2018,spirals-bears,TREATED
48c73b9c-1328-499c-ba34-dd1c2d05cb62_03-18-week1-FAILING_AND_PASSING,349592462,216c4b8c773bd7b57eb5fcb7bde373fd4cb4b1d571b6f5caa008d87e88a62608,26/08/18 20:53,26/08/2018,spirals-bears,TREATED
48c73b9c-1328-499c-ba34-dd1c2d05cb62_03-18-week1-FAILING_AND_PASSING,349518450,322df894dd562b6b121e9dc6a344dd18f4dfd291e29f90d4482ee47c85d92da1,26/08/18 20:53,26/08/2018,spirals-bears,TREATED
48c73b9c-1328-499c-ba34-dd1c2d05cb62_03-18-week1-FAILING_AND_PASSING,349518375,5cba560ea433525242612d6b470643196df276bff9561c764e345331d062388d,26/08/18 20:54,26/08/2018,spirals-bears,TREATED
48c73b9c-1328-499c-ba34-dd1c2d05cb62_03-18-week1-FAILING_AND_PASSING,348809094,9bc6ca8a5c48b43a807d627d5d2e4fdf260fb067eb3b7ee4d08af879c4ac3c72,26/08/18 20:55,26/08/2018,spirals-bears,TREATED
48c73b9c-1328-499c-ba34-dd1c2d05cb62_03-18-week1-FAILING_AND_PASSING,348809096,2b8ffc56f50fe29811c08b1e551b242b5e84a17f143d570e0ad16441a464f311,26/08/18 20:55,26/08/2018,spirals-bears,TREATED
48c73b9c-1328-499c-ba34-dd1c2d05cb62_03-18-week1-FAILING_AND_PASSING,348508705,f79c2f06c8fcb8e7d97e5aa252f1b9c83f48ccc5f48bb6b1df87dd5067ff379a,26/08/18 20:56,26/08/2018,spirals-bears,TREATED
48c73b9c-1328-499c-ba34-dd1c2d05cb62_03-18-week1-FAILING_AND_PASSING,348409769,eb6ee45d04a754bb046a906f2d88831935ac5b1ae1ba3322a09aa830dbfd739c,26/08/18 20:56,26/08/2018,spirals-bears,TREATED
48c73b9c-1328-499c-ba34-dd1c2d05cb62_03-18-week1-FAILING_AND_PASSING,348409750,5154dca3a77a25d4702dcf1e3d788f541bef222985b3e54eb1dab31ca2818272,26/08/18 20:57,26/08/2018,spirals-bears,TREATED
48c73b9c-1328-499c-ba34-dd1c2d05cb62_03-18-week1-FAILING_AND_PASSING,348012369,8f6dc82803ad93c23681eec65992390c66c2771285baffa295c84cf4e7b9725d,26/08/18 20:57,26/08/2018,spirals-bears,TREATED
48c73b9c-1328-499c-ba34-dd1c2d05cb62_03-18-week1-FAILING_AND_PASSING,347588693,b76101663d7aa63f07ad460503e3e8943819108ca46e217455aaf8cc39b03564,26/08/18 20:58,26/08/2018,spirals-bears,TREATED
48c73b9c-1328-499c-ba34-dd1c2d05cb62_03-18-week1-FAILING_AND_PASSING,348247233,cb2c35c170598a086f5df24d55fbf574a96d96373f35398cd4d3004f17522d39,26/08/18 20:58,26/08/2018,spirals-bears,TREATED
48c73b9c-1328-499c-ba34-dd1c2d05cb62_03-18-week1-FAILING_AND_PASSING,347917278,bbd03db921ff4ce1a8f79ae5be9544a36485008be59a9025c9bb9bf563f8220c,26/08/18 20:58,26/08/2018,spirals-bears,TREATED
48c73b9c-1328-499c-ba34-dd1c2d05cb62_03-18-week1-FAILING_AND_PASSING,347791146,bbc1938e01c05fe07b75d0067d23ab439457e2fa38e5b724718f6ab465d8ed1b,26/08/18 20:59,26/08/2018,spirals-bears,TREATED
48c73b9c-1328-499c-ba34-dd1c2d05cb62_03-18-week1-FAILING_AND_PASSING,349733823,9d7c848bbb36183ad3c32fc06a2b4ec7daef72e4af556a3f5e1d28dd8edb72d8,26/08/18 20:59,26/08/2018,spirals-bears,TREATED
48c73b9c-1328-499c-ba34-dd1c2d05cb62_03-18-week1-FAILING_AND_PASSING,349678351,b0348b43e3a3c683f303d43cc8f89ee9ce5e020ce9ff8fa2d4e275bdbfe92926,26/08/18 20:59,26/08/2018,spirals-bears,TREATED
48c73b9c-1328-499c-ba34-dd1c2d05cb62_03-18-week1-FAILING_AND_PASSING,350463132,03fffc4ace3434d7f756705ab5efd9c9405c43e3e772ef7cead54fb6aee05ba1,26/08/18 21:00,26/08/2018,spirals-bears,TREATED
48c73b9c-1328-499c-ba34-dd1c2d05cb62_03-18-week1-FAILING_AND_PASSING,350116142,365cae3cf0d00b1b3e5f0018ab25f22a028fc6f6903d3f3a53a7fc815a4be5cd,26/08/18 21:00,26/08/2018,spirals-bears,TREATED
48c73b9c-1328-499c-ba34-dd1c2d05cb62_03-18-week1-FAILING_AND_PASSING,349906093,aaff6f72dd955c621a07ea38d389ff45d2455327811f453a716dd72921182458,26/08/18 21:01,26/08/2018,spirals-bears,TREATED
48c73b9c-1328-499c-ba34-dd1c2d05cb62_03-18-week1-FAILING_AND_PASSING,348037725,2635c1552510dd563ace770398c1ad401a538ee85e99a6b7ff6464e023d9e7cd,26/08/18 21:02,26/08/2018,spirals-bears,TREATED
48c73b9c-1328-499c-ba34-dd1c2d05cb62_03-18-week1-FAILING_AND_PASSING,349585301,026fc39a08ed4e6b65a2ed90b7b0e34f78648bee034d7a5aaf5660eb1ad8cb34,26/08/18 21:02,26/08/2018,spirals-bears,TREATED
48c73b9c-1328-499c-ba34-dd1c2d05cb62_03-18-week1-FAILING_AND_PASSING,349548307,b3db176e8580e80a54b8901d7766c59966f25cc45a152356ba9ebdc5329e50a9,26/08/18 21:03,26/08/2018,spirals-bears,TREATED
48c73b9c-1328-499c-ba34-dd1c2d05cb62_03-18-week1-FAILING_AND_PASSING,349422308,55a4ba808d989081edf74508ae2b5803672dcc788b01d14854ed568d881be15c,26/08/18 21:03,26/08/2018,spirals-bears,TREATED
48c73b9c-1328-499c-ba34-dd1c2d05cb62_03-18-week1-FAILING_AND_PASSING,349391822,5ec0ea470d3d8c2760df59d2b6f3f368dcb6e78713e6320216990fe91f083cb7,26/08/18 21:03,26/08/2018,spirals-bears,TREATED
48c73b9c-1328-499c-ba34-dd1c2d05cb62_03-18-week1-FAILING_AND_PASSING,348237540,ad95fdefd3a0d3de15f69544c3f97535b4efeb8c48dbaeb876ca5efb5732e597,26/08/18 21:04,26/08/2018,spirals-bears,TREATED
48c73b9c-1328-499c-ba34-dd1c2d05cb62_03-18-week1-FAILING_AND_PASSING,349315504,b682f00aeb857e14777bd328c3bb5a9509f3ef1e0865cee6f528d9bff2ab0fd2,26/08/18 21:04,26/08/2018,spirals-bears,TREATED
48c73b9c-1328-499c-ba34-dd1c2d05cb62_03-18-week1-FAILING_AND_PASSING,349297194,e2457c8d7bfe2f63ce6e09db51e74d72eb1ae1396a034b157dcbfc66ce3c6a39,26/08/18 21:04,26/08/2018,spirals-bears,TREATED
48c73b9c-1328-499c-ba34-dd1c2d05cb62_03-18-week1-FAILING_AND_PASSING,349248071,db07baeb05946abf7dcd21d3ae8eb52285d489a4645c9cee565c8cf5d941026d,26/08/18 21:04,26/08/2018,spirals-bears,TREATED
48c73b9c-1328-499c-ba34-dd1c2d05cb62_03-18-week1-FAILING_AND_PASSING,348967510,58ead0dbc20885d8e0a2302081143e63a2855c08552e6c5b197cba8a4a273bb6,26/08/18 21:05,26/08/2018,spirals-bears,TREATED
48c73b9c-1328-499c-ba34-dd1c2d05cb62_03-18-week1-FAILING_AND_PASSING,348711956,c8db03a082fabb0915004010fcbd6d8928f1b6ef4e4cd1aae66fb3e443c6418f,26/08/18 21:05,26/08/2018,spirals-bears,TREATED
48c73b9c-1328-499c-ba34-dd1c2d05cb62_03-18-week1-FAILING_AND_PASSING,348939926,b0d17ba1b5fdf2c08a1ada05cd872e346a1b24b216d320f17d882894ebb931a1,26/08/18 21:05,26/08/2018,spirals-bears,TREATED
48c73b9c-1328-499c-ba34-dd1c2d05cb62_03-18-week1-FAILING_AND_PASSING,348909205,f87af9c701f2fdcd52df39c22fd91ea34253fc80a16cc80974b885bcdcafd752,26/08/18 21:05,26/08/2018,spirals-bears,TREATED
48c73b9c-1328-499c-ba34-dd1c2d05cb62_03-18-week1-FAILING_AND_PASSING,348272346,ba064a69f4f84bf339b13dc832c5ee50a12f77b26d80d7b0ae49c3471a5640ea,26/08/18 21:06,26/08/2018,spirals-bears,TREATED
48c73b9c-1328-499c-ba34-dd1c2d05cb62_03-18-week1-FAILING_AND_PASSING,348512515,351bcd981287048df7633ce2d45e2ad86c697f66738b50df80c467914e3de15d,26/08/18 21:06,26/08/2018,spirals-bears,TREATED
48c73b9c-1328-499c-ba34-dd1c2d05cb62_03-18-week1-FAILING_AND_PASSING,348358844,b68e9d11bdc577167a588eac74e766571c73e496349df9de6ce8bc693922aa31,26/08/18 21:06,26/08/2018,spirals-bears,TREATED
48c73b9c-1328-499c-ba34-dd1c2d05cb62_03-18-week1-FAILING_AND_PASSING,348297634,44af2d1630d71fa9b56d7ba3e927cfd75814fdec9cb29b71a412edaa8d8d98c9,26/08/18 21:06,26/08/2018,spirals-bears,TREATED
48c73b9c-1328-499c-ba34-dd1c2d05cb62_03-18-week1-FAILING_AND_PASSING,348079668,eb8bb0aa57cf8323e32564da9a6babea727cafc4876d3660f5b2feec03431d32,26/08/18 21:06,26/08/2018,spirals-bears,TREATED
48c73b9c-1328-499c-ba34-dd1c2d05cb62_03-18-week1-FAILING_AND_PASSING,348024574,c8bae25924127baef1cd8568b7f3a8c79efbbce1d14b681de5fe7c7841856b10,26/08/18 21:06,26/08/2018,spirals-bears,TREATED
48c73b9c-1328-499c-ba34-dd1c2d05cb62_03-18-week1-FAILING_AND_PASSING,347529504,a56038d4401831384b6258b648c06609e6a7f17111188095af9220b13de89064,26/08/18 21:07,26/08/2018,spirals-bears,TREATED
48c73b9c-1328-499c-ba34-dd1c2d05cb62_03-18-week1-FAILING_AND_PASSING,347514455,a9a09557412ae3abe306a1586f8a90d00cbd5c4b0daf92ad5ae15b623eb66e6d,26/08/18 21:07,26/08/2018,spirals-bears,TREATED
48c73b9c-1328-499c-ba34-dd1c2d05cb62_03-18-week1-FAILING_AND_PASSING,347624725,ffc3d6ccd98ec0fda6ef47a86ffb203a679dc7ea81bb730cdc738678de1b0fdb,26/08/18 21:08,26/08/2018,spirals-bears,TREATED
48c73b9c-1328-499c-ba34-dd1c2d05cb62_03-18-week1-FAILING_AND_PASSING,347622143,2ef1262dd3018f3599b961267d2f27a05e32bb6b323ccb05f1cba99dbc1df9ba,26/08/18 21:09,26/08/2018,spirals-bears,TREATED
48c73b9c-1328-499c-ba34-dd1c2d05cb62_03-18-week1-FAILING_AND_PASSING,347530671,acc4c99b925a7f53d51db39463b5e7d823408663cc471c4ff782a238d4415125,26/08/18 21:12,26/08/2018,spirals-bears,TREATED
48c73b9c-1328-499c-ba34-dd1c2d05cb62_03-18-week1-FAILING_AND_PASSING,343540431,2ea105558156b8d12a74783a36372fbe94449adc6460be488e346a2d1f6a10f3,26/08/18 21:12,26/08/2018,spirals-bears,TREATED
48c73b9c-1328-499c-ba34-dd1c2d05cb62_03-18-week1-FAILING_AND_PASSING,348394668,86b0247070dcc258d31310b290ef9fb3a7d27fa757778403689379169555fa1e,26/08/18 21:13,26/08/2018,spirals-bears,TREATED
48c73b9c-1328-499c-ba34-dd1c2d05cb62_03-18-week1-FAILING_AND_PASSING,347530680,b209bdda0922d3f7d61ba4e5b4bfa09fc139283a04ae6e4943515dd4b8aed6d7,26/08/18 21:14,26/08/2018,spirals-bears,TREATED
48c73b9c-1328-499c-ba34-dd1c2d05cb62_03-18-week1-FAILING_AND_PASSING,348308196,bcbc10d099a7f16abf1ea215ac7feeebf900dba3f1a9306bd378c4fbe8b59be4,26/08/18 21:14,26/08/2018,spirals-bears,TREATED
48c73b9c-1328-499c-ba34-dd1c2d05cb62_03-18-week1-FAILING_AND_PASSING,347888569,12d2dd9bbfbc8e70dc620fad49e5667196881e9847370106c15a9ca1e3ef6e92,26/08/18 21:16,26/08/2018,spirals-bears,TREATED
48c73b9c-1328-499c-ba34-dd1c2d05cb62_03-18-week1-FAILING_AND_PASSING,347834870,d8c240feabdb61a9395b36ec479657c36ad23263593e9e24ec1d1bcf0a11d049,26/08/18 21:17,26/08/2018,spirals-bears,TREATED
48c73b9c-1328-499c-ba34-dd1c2d05cb62_03-18-week1-FAILING_AND_PASSING,347598206,54c0f59532281dbc31c2e9e6fa5b9b317f37f7fdcbbbb458e08d69739d271caa,26/08/18 21:18,26/08/2018,spirals-bears,TREATED
48c73b9c-1328-499c-ba34-dd1c2d05cb62_03-18-week1-FAILING_AND_PASSING,347470380,aeb2691f839c04d5d52030d96c6c122b1a3816b9fe5141c87ab53b8132e4593d,26/08/18 21:19,26/08/2018,spirals-bears,TREATED
48c73b9c-1328-499c-ba34-dd1c2d05cb62_03-18-week1-FAILING_AND_PASSING,347570739,48ff6b762bcf02f1ba95b612f632f6ed2ac67370db71933b5f57ee9a09072a90,26/08/18 21:20,26/08/2018,spirals-bears,TREATED
48c73b9c-1328-499c-ba34-dd1c2d05cb62_03-18-week1-FAILING_AND_PASSING,349659543,d94bbfb2d7bd9baa23069232042fee2065ee06d2b4a9fdc565912c8c3ea56dbd,26/08/18 21:21,26/08/2018,spirals-bears,TREATED
48c73b9c-1328-499c-ba34-dd1c2d05cb62_03-18-week1-FAILING_AND_PASSING,349931405,7976ee0b2c7c2169d52d297fd3db81a929bcfa20dbc95a0df64c9d225f657461,26/08/18 21:25,26/08/2018,spirals-bears,TREATED
48c73b9c-1328-499c-ba34-dd1c2d05cb62_03-18-week1-FAILING_AND_PASSING,349719777,39b47b4cf3ddde7ebfc38cc810269ec7986f0b32ee6e4d7b0de0da4647188c39,26/08/18 21:25,26/08/2018,spirals-bears,TREATED
48c73b9c-1328-499c-ba34-dd1c2d05cb62_03-18-week1-FAILING_AND_PASSING,349393630,3d8f9a7928b08c6a24f1a15068d72b761bfbfa18a58bfe92371f14822e63d87f,26/08/18 21:29,26/08/2018,spirals-bears,TREATED
48c73b9c-1328-499c-ba34-dd1c2d05cb62_03-18-week1-FAILING_AND_PASSING,349393700,ca8c3c46d98675d114b71bf8a10f9f37ffa91c350b9f02502d263313d4e0acac,26/08/18 21:29,26/08/2018,spirals-bears,TREATED
48c73b9c-1328-499c-ba34-dd1c2d05cb62_03-18-week1-FAILING_AND_PASSING,348120228,5b32610dc828581f39a38577c4b7c0a924b7892f4e74fd9b07fca7063c364e80,26/08/18 21:34,26/08/2018,spirals-bears,TREATED
48c73b9c-1328-499c-ba34-dd1c2d05cb62_03-18-week1-FAILING_AND_PASSING,349510744,9e3db53d3e00fbd27a77544551ca2b3ecc85b83054300bbcd7689eb57a13d8f6,26/08/18 21:42,26/08/2018,spirals-bears,TREATED
48c73b9c-1328-499c-ba34-dd1c2d05cb62_03-18-week1-FAILING_AND_PASSING,347727806,c9a1b38040e4edb65136066a07694923e6ab9e10f427adff35ae700936bf67c2,26/08/18 21:43,26/08/2018,spirals-bears,TREATED
48c73b9c-1328-499c-ba34-dd1c2d05cb62_03-18-week1-FAILING_AND_PASSING,349360363,e06f58f642439877f94c9a83c284a00ce37b6419817cb319163d8aea65036f63,26/08/18 21:55,26/08/2018,spirals-bears,TREATED
48c73b9c-1328-499c-ba34-dd1c2d05cb62_03-18-week1-FAILING_AND_PASSING,349438949,0f6d1e088ecd7282d20a6693143f30a4cf3ee65d06f3b6bed7193263484ef035,26/08/18 22:00,26/08/2018,spirals-bears,TREATED
48c73b9c-1328-499c-ba34-dd1c2d05cb62_03-18-week1-FAILING_AND_PASSING,349881067,a9639e167308b522bf1621717e52d3a7f3e52f26d183f1c2c309db1272fb8bd0,26/08/18 22:10,26/08/2018,spirals-bears,TREATED
48c73b9c-1328-499c-ba34-dd1c2d05cb62_03-18-week1-FAILING_AND_PASSING,349881190,ea76590c5b7e83c7228643be2e74198f89326662720c467ff885d58cea6a41db,26/08/18 22:10,26/08/2018,spirals-bears,TREATED
48c73b9c-1328-499c-ba34-dd1c2d05cb62_03-18-week1-FAILING_AND_PASSING,348394864,a45c29b75a5c47e277f4b47512afcd6b2dad5562c6cd97eb53579d5cf8ed19e7,26/08/18 22:22,26/08/2018,spirals-bears,TREATED
48c73b9c-1328-499c-ba34-dd1c2d05cb62_03-18-week1-FAILING_AND_PASSING,348003693,f7574ed68658643efc8827a1c04b75093e12a87c78e2f1919524549d79dac257,26/08/18 22:30,26/08/2018,spirals-bears,TREATED
48c73b9c-1328-499c-ba34-dd1c2d05cb62_03-18-week1-FAILING_AND_PASSING,347903666,e890188656e6b0c7a9588965946029e1c299e12d5db9c32dfab830e32f48bc42,26/08/18 22:34,26/08/2018,spirals-bears,TREATED
48c73b9c-1328-499c-ba34-dd1c2d05cb62_03-18-week1-FAILING_AND_PASSING,347903726,4be63ce54b4b833c5bc560362e6ee20fc4e38d9d6aab1ba9f28a31781c82ea3e,26/08/18 22:35,26/08/2018,spirals-bears,TREATED
48c73b9c-1328-499c-ba34-dd1c2d05cb62_03-18-week1-FAILING_AND_PASSING,347889987,bc8662e9d1effebe60bc6083bffb00e115fcb2ed29904635c38a2955f400a5bd,26/08/18 22:46,26/08/2018,spirals-bears,TREATED
48c73b9c-1328-499c-ba34-dd1c2d05cb62_03-18-week1-FAILING_AND_PASSING,347797657,cb82f2dad2733a9e85d54e373f156d2f19c67c11ad629200647cdaefdbb81d51,26/08/18 22:47,26/08/2018,spirals-bears,TREATED
48c73b9c-1328-499c-ba34-dd1c2d05cb62_03-18-week1-FAILING_AND_PASSING,347758753,9b297550bb2852a26fe7fdff9901915908f0c8019f6a7cb57e3436f05ca9b3c2,26/08/18 22:55,26/08/2018,spirals-bears,TREATED
48c73b9c-1328-499c-ba34-dd1c2d05cb62_03-18-week1-FAILING_AND_PASSING,349231161,247fcf876f5bc50b618518f20b76773e864025f105105494c823ef3047c668f2,26/08/18 22:55,26/08/2018,spirals-bears,TREATED
48c73b9c-1328-499c-ba34-dd1c2d05cb62_03-18-week1-FAILING_AND_PASSING,348603448,ff2bc8ccc634abd10084f0950177a52215d85d0984723593387757a194466232,26/08/18 22:55,26/08/2018,spirals-bears,TREATED
48c73b9c-1328-499c-ba34-dd1c2d05cb62_03-18-week1-FAILING_AND_PASSING,349004833,e4bfed8eaa2d30dff60f32699ebe413d91ac0fd668c31ce72b0c7a3565d7e84f,26/08/18 22:56,26/08/2018,spirals-bears,TREATED
48c73b9c-1328-499c-ba34-dd1c2d05cb62_03-18-week1-FAILING_AND_PASSING,347861277,4356c8d924eb3e61f61abb2e33b6ff7fbca06942af0a1d3a3911a6dde30dfbf3,26/08/18 22:58,26/08/2018,spirals-bears,TREATED
48c73b9c-1328-499c-ba34-dd1c2d05cb62_03-18-week1-FAILING_AND_PASSING,347517912,48b2ec56616324369c0bbb60daa1ce0f1ef47984642a3aefcf34f158dfe54138,26/08/18 22:58,26/08/2018,spirals-bears,TREATED
48c73b9c-1328-499c-ba34-dd1c2d05cb62_03-18-week1-FAILING_AND_PASSING,350001655,9e11a52c15b47bfc227788169b71bed45617aed62ae18ada1b59c88be12ab0a1,26/08/18 22:58,26/08/2018,spirals-bears,TREATED
48c73b9c-1328-499c-ba34-dd1c2d05cb62_03-18-week1-FAILING_AND_PASSING,349472629,b2db2ab4953a4d997da3b78c7b2eb2979a14cc7f39b7aaf8818af5bd7c1f37a7,26/08/18 22:58,26/08/2018,spirals-bears,TREATED
48c73b9c-1328-499c-ba34-dd1c2d05cb62_03-18-week1-FAILING_AND_PASSING,349472582,8ad7f144ce1d03213a02702ab7bc756688481630ba47c04510dc76c4895304a8,26/08/18 22:59,26/08/2018,spirals-bears,TREATED
48c73b9c-1328-499c-ba34-dd1c2d05cb62_03-18-week1-FAILING_AND_PASSING,347849373,2dd34621636421ac2eccd134b5b21296dddd66792c958e2cd080673613d48754,26/08/18 22:59,26/08/2018,spirals-bears,TREATED
48c73b9c-1328-499c-ba34-dd1c2d05cb62_03-18-week1-FAILING_AND_PASSING,350235744,3a393b5cdf799530959c2e961e44b2b2c8f3729cb79d8440f23670de54b693d5,26/08/18 23:02,26/08/2018,spirals-bears,TREATED
48c73b9c-1328-499c-ba34-dd1c2d05cb62_03-18-week1-FAILING_AND_PASSING,345081398,c4a45cc16b6d99a9136706c958f57ae60ccc1f18f0d142a858ba2143dc5b256e,26/08/18 23:03,26/08/2018,spirals-bears,TREATED
48c73b9c-1328-499c-ba34-dd1c2d05cb62_03-18-week1-FAILING_AND_PASSING,345081219,be54f575a58462e4e5ceb8abb8806689463aaceb062cb75cdc18e26b1fd6d7c9,26/08/18 23:03,26/08/2018,spirals-bears,TREATED
48c73b9c-1328-499c-ba34-dd1c2d05cb62_03-18-week1-FAILING_AND_PASSING,348512177,b361edee45642635b1ed786bbbbce63c8d167109222f28a5953435caae07fbd9,26/08/18 23:12,26/08/2018,spirals-bears,TREATED
48c73b9c-1328-499c-ba34-dd1c2d05cb62_03-18-week1-FAILING_AND_PASSING,348265143,56250126a6db5f9ae67a3d2b3da1e66e459dcc9e6ae6838c6eb89e4a2d7408a4,26/08/18 23:12,26/08/2018,spirals-bears,TREATED
48c73b9c-1328-499c-ba34-dd1c2d05cb62_03-18-week1-FAILING_AND_PASSING,348158125,31e3eab47fd99579cb31f033e60cd09c468bdd6984f7a746eeb6a55631aef350,26/08/18 23:13,26/08/2018,spirals-bears,TREATED
48c73b9c-1328-499c-ba34-dd1c2d05cb62_03-18-week1-FAILING_AND_PASSING,348156219,28f2168c57ba221b0330a0bd0e99b4cf6550cf484a08086d4eadbe3feef25057,26/08/18 23:13,26/08/2018,spirals-bears,TREATED
48c73b9c-1328-499c-ba34-dd1c2d05cb62_03-18-week1-FAILING_AND_PASSING,350226395,df2e88a9c60f3efd319b5fa84b4f1d421d5d6c05cda56ccf70f6a9832e7dac8f,26/08/18 23:18,26/08/2018,spirals-bears,TREATED
48c73b9c-1328-499c-ba34-dd1c2d05cb62_03-18-week1-FAILING_AND_PASSING,346880149,4eedd09a6f616516d923e8057f36aec37af70b2b7b76dafde342411dd9581508,26/08/18 23:19,26/08/2018,spirals-bears,TREATED
48c73b9c-1328-499c-ba34-dd1c2d05cb62_03-18-week1-FAILING_AND_PASSING,341417677,550a739d3f3e99d73b12916aa187ffd42178c657ca4e4ea12a21b8f1cfae653d,26/08/18 23:21,26/08/2018,spirals-bears,TREATED
48c73b9c-1328-499c-ba34-dd1c2d05cb62_03-18-week1-FAILING_AND_PASSING,341414838,3e85966a715593c925314972d8b0b31298125589c5d5b217a101d1f5c23d42ba,26/08/18 23:23,26/08/2018,spirals-bears,TREATED
48c73b9c-1328-499c-ba34-dd1c2d05cb62_03-18-week1-FAILING_AND_PASSING,348176450,5fabd92ee1b8e66c0a9226a7efad3f0be5d08b9adc1a4ded781f0c440b3803b6,26/08/18 23:25,26/08/2018,spirals-bears,TREATED
48c73b9c-1328-499c-ba34-dd1c2d05cb62_03-18-week1-FAILING_AND_PASSING,349258030,1e60905ad99905f1c6fd467d9f9258cf316ec4aaad35b2576038dadad7abd0c8,26/08/18 23:26,26/08/2018,spirals-bears,TREATED
48c73b9c-1328-499c-ba34-dd1c2d05cb62_03-18-week1-FAILING_AND_PASSING,348374090,84510ec2740bf46991592e8ab7969f4dcd2bee2a6b27239ac7a1161a478ce5a4,26/08/18 23:27,26/08/2018,spirals-bears,TREATED
48c73b9c-1328-499c-ba34-dd1c2d05cb62_03-18-week1-FAILING_AND_PASSING,347768819,bb07234f4139a0b4c12659e76a35d829e191566a52716ae0d558704d5adfdc15,26/08/18 23:32,26/08/2018,spirals-bears,TREATED
48c73b9c-1328-499c-ba34-dd1c2d05cb62_03-18-week1-FAILING_AND_PASSING,350359885,92954c760476aba945644aaabcca4a212be955c034a651eba3de31be07952353,26/08/18 23:45,26/08/2018,spirals-bears,TREATED
48c73b9c-1328-499c-ba34-dd1c2d05cb62_03-18-week1-FAILING_AND_PASSING,349293370,b4ecbe8cbb59699e7361849f12f9b890a1220f92691ab5c6cab064625f20799d,26/08/18 23:53,26/08/2018,spirals-bears,TREATED
48c73b9c-1328-499c-ba34-dd1c2d05cb62_03-18-week1-FAILING_AND_PASSING,348439627,88b01916ffc2f6be696a7622874bf2cedeb34fab5d2d88b01e03f2a5355b15d1,26/08/18 23:53,26/08/2018,spirals-bears,TREATED
48c73b9c-1328-499c-ba34-dd1c2d05cb62_03-18-week1-FAILING_AND_PASSING,348221016,771bb8613c3748b76b8ebda0db03bd8a764a43d9259cc603342e7751bbdb27a6,26/08/18 23:53,26/08/2018,spirals-bears,TREATED
48c73b9c-1328-499c-ba34-dd1c2d05cb62_03-18-week1-FAILING_AND_PASSING,349327903,516ab8be8439c776f23a30b7c64e72e9b69242c7bd9b0dadc882e8b36859bef6,26/08/18 23:58,26/08/2018,spirals-bears,TREATED
48c73b9c-1328-499c-ba34-dd1c2d05cb62_03-18-week1-FAILING_AND_PASSING,347962934,e053340fa0880737316d1f3e685cae99d7b9f3a300f406fb240c9b31b0c217ce,27/08/18 00:06,27/08/2018,spirals-bears,TREATED
48c73b9c-1328-499c-ba34-dd1c2d05cb62_03-18-week1-FAILING_AND_PASSING,347962890,02453287a91e7f225350f78756ee321c813caf177909159da6461ea3dc632534,27/08/18 00:10,27/08/2018,spirals-bears,TREATED
48c73b9c-1328-499c-ba34-dd1c2d05cb62_03-18-week1-FAILING_AND_PASSING,347797210,b96d7453633afdb3a5391b82f83e8278b9eec44b65a1bc70348deac4b835e29f,27/08/18 00:10,27/08/2018,spirals-bears,TREATED
48c73b9c-1328-499c-ba34-dd1c2d05cb62_03-18-week1-FAILING_AND_PASSING,349295799,44496300c9fcfacd6b5073d966091b8ccbe82b4f876ca1517828652ad12a1796,27/08/18 00:12,27/08/2018,spirals-bears,TREATED
48c73b9c-1328-499c-ba34-dd1c2d05cb62_03-18-week1-FAILING_AND_PASSING,347687198,f97867acf68e0de178737b76bea624d2b8834ad6e0a7d4d74d1df65222023b71,27/08/18 00:44,27/08/2018,spirals-bears,TREATED
48c73b9c-1328-499c-ba34-dd1c2d05cb62_03-18-week1-FAILING_AND_PASSING,349658615,9b25be58be345b8bb89e429eda062fcf0852e0673d7d76d88a9dab1767301e52,27/08/18 00:44,27/08/2018,spirals-bears,TREATED
48c73b9c-1328-499c-ba34-dd1c2d05cb62_03-18-week1-FAILING_AND_PASSING,347765361,5de622e5c29af72e3b3268b2f7dee01cc4eb6047e04d8422c05587f69d31cdfc,27/08/18 00:45,27/08/2018,spirals-bears,TREATED
48c73b9c-1328-499c-ba34-dd1c2d05cb62_03-18-week1-FAILING_AND_PASSING,349382841,a73d616f324a10d6804877d33a5dde74de2df1a15941ff393618cd8bebab854d,27/08/18 00:45,27/08/2018,spirals-bears,TREATED
48c73b9c-1328-499c-ba34-dd1c2d05cb62_03-18-week1-FAILING_AND_PASSING,350020209,cdd17869481b79aebcc35f4158131c41d1cadfca04817bcf5b5f1ba2e48b2d2e,27/08/18 00:45,27/08/2018,spirals-bears,TREATED
48c73b9c-1328-499c-ba34-dd1c2d05cb62_03-18-week1-FAILING_AND_PASSING,348301792,efd70432db912887d2a050cc3e09c94cf70bb782d8f8ee6c81d43caf99f9a364,27/08/18 00:46,27/08/2018,spirals-bears,TREATED
48c73b9c-1328-499c-ba34-dd1c2d05cb62_03-18-week1-FAILING_AND_PASSING,349729645,f4ed534112fb8d8409c67141d86939cd271258699c004bb3f0da7db6cb5937fa,27/08/18 00:46,27/08/2018,spirals-bears,TREATED
48c73b9c-1328-499c-ba34-dd1c2d05cb62_03-18-week1-FAILING_AND_PASSING,348080323,23fae4117ca081f9f659eb0a015cff3924f731ab55aa93e7383408b012cebb47,27/08/18 00:46,27/08/2018,spirals-bears,TREATED
48c73b9c-1328-499c-ba34-dd1c2d05cb62_03-18-week1-FAILING_AND_PASSING,347741033,3dd9927d992c3791186e96bdaabc399ce0dff3271357359bb63d5e23ce30799d,27/08/18 00:47,27/08/2018,spirals-bears,TREATED
48c73b9c-1328-499c-ba34-dd1c2d05cb62_03-18-week1-FAILING_AND_PASSING,347741050,13c906aa92e3d7349a78dce0529c026e830fe82621f34debd36e15c86ca4a28f,27/08/18 00:47,27/08/2018,spirals-bears,TREATED
48c73b9c-1328-499c-ba34-dd1c2d05cb62_03-18-week1-FAILING_AND_PASSING,349216482,7289e8c20b93aea8bc43e1342fb16c0f5070f99ff7f25b62ba4253aa64f86ab8,27/08/18 00:49,27/08/2018,spirals-bears,TREATED
48c73b9c-1328-499c-ba34-dd1c2d05cb62_03-18-week1-FAILING_AND_PASSING,347756953,724fd607f036643a718e18780637aae0ef1604ad106e25a69278651a94209dc8,27/08/18 01:03,27/08/2018,spirals-bears,TREATED
48c73b9c-1328-499c-ba34-dd1c2d05cb62_03-18-week1-FAILING_AND_PASSING,347753461,536739b98e8325c5c108bb3d5a03e2fe117ccdb1eea3596821234a700ced8e84,27/08/18 01:04,27/08/2018,spirals-bears,TREATED
48c73b9c-1328-499c-ba34-dd1c2d05cb62_03-18-week1-FAILING_AND_PASSING,349210301,4ecf5a8809076df1dd99c786b145a4e68073a177340f441beff31dc03bbdca20,27/08/18 01:04,27/08/2018,spirals-bears,TREATED
48c73b9c-1328-499c-ba34-dd1c2d05cb62_03-18-week1-FAILING_AND_PASSING,349172462,889fe914abf25ed2f485f52aeb2d2b57fb58621e37aab05ea785b3d43d25e5d4,27/08/18 01:05,27/08/2018,spirals-bears,TREATED
48c73b9c-1328-499c-ba34-dd1c2d05cb62_03-18-week1-FAILING_AND_PASSING,349064199,85fd0afc152862c28af3c90df9d3751c3e27393f04bc0368507e02351a4a090e,27/08/18 01:16,27/08/2018,spirals-bears,TREATED
48c73b9c-1328-499c-ba34-dd1c2d05cb62_03-18-week1-FAILING_AND_PASSING,350289810,8b52f8eb795a860c45185ff173cdec6feb2df01c7be51e617e3543029e61b11f,27/08/18 01:17,27/08/2018,spirals-bears,TREATED
48c73b9c-1328-499c-ba34-dd1c2d05cb62_03-18-week1-FAILING_AND_PASSING,349375083,7c9dee6c02b2c68afdca090e849d33e1046c77e07121daad692c3c9fc588b033,27/08/18 01:18,27/08/2018,spirals-bears,TREATED
48c73b9c-1328-499c-ba34-dd1c2d05cb62_03-18-week1-FAILING_AND_PASSING,348156982,be5209c93cff84721cb288faefd0734944752007a292098fe78c5008725d24c8,27/08/18 01:20,27/08/2018,spirals-bears,TREATED
48c73b9c-1328-499c-ba34-dd1c2d05cb62_03-18-week1-FAILING_AND_PASSING,349942519,95b76a55a9bbaf186ab9ad53a373bf5127dbc725d4448555af7089c1237364e4,27/08/18 01:20,27/08/2018,spirals-bears,TREATED
48c73b9c-1328-499c-ba34-dd1c2d05cb62_03-18-week1-FAILING_AND_PASSING,349958225,c58a8178b4cd7abc2ba8453ba9a422862068bac85e1a7cc4f81f8dd0ca13ba5a,27/08/18 01:21,27/08/2018,spirals-bears,TREATED
48c73b9c-1328-499c-ba34-dd1c2d05cb62_03-18-week1-FAILING_AND_PASSING,349830859,b2ad0de36373c7359c0d1fc912e6ba090c8a729bbe1567db6d6218e440c764ad,27/08/18 01:21,27/08/2018,spirals-bears,TREATED
48c73b9c-1328-499c-ba34-dd1c2d05cb62_03-18-week1-FAILING_AND_PASSING,349371756,bf403da1a9f096968f4116230f07bd5f9e36f1f111002fe1d9ccd34431ac797f,27/08/18 01:24,27/08/2018,spirals-bears,TREATED
48c73b9c-1328-499c-ba34-dd1c2d05cb62_03-18-week1-FAILING_AND_PASSING,347406719,c0df2b8ea7979fa7cd6ffafc90c95bd8432171c73c0fa36b66762e7c6da47c3b,27/08/18 01:24,27/08/2018,spirals-bears,TREATED
48c73b9c-1328-499c-ba34-dd1c2d05cb62_03-18-week1-FAILING_AND_PASSING,348029369,3d3bf25bb17d2f62288ba62046569d64826141fcaff7d57cdfe1f40d8572d725,27/08/18 01:27,27/08/2018,spirals-bears,TREATED
48c73b9c-1328-499c-ba34-dd1c2d05cb62_03-18-week1-FAILING_AND_PASSING,348131214,669c1e542937a82b24d756df352aa24117739119f2a05ed22dc8d81e9d66c96d,27/08/18 01:28,27/08/2018,spirals-bears,TREATED
48c73b9c-1328-499c-ba34-dd1c2d05cb62_03-18-week1-FAILING_AND_PASSING,348157930,b3f122675ee9732ccf33412f9a70ad33e57e425cdd92a21e07262c7451963a28,27/08/18 01:28,27/08/2018,spirals-bears,TREATED
48c73b9c-1328-499c-ba34-dd1c2d05cb62_03-18-week1-FAILING_AND_PASSING,347883230,0105e51c810fdcb7ce99fe2322f09db2c35cf931652cb96f73e8b7304178d550,27/08/18 01:28,27/08/2018,spirals-bears,TREATED
48c73b9c-1328-499c-ba34-dd1c2d05cb62_03-18-week1-FAILING_AND_PASSING,348858219,f1041f71adeda6c34d52197406d00b95534506df1379833e047b412234a04459,27/08/18 01:31,27/08/2018,spirals-bears,TREATED
48c73b9c-1328-499c-ba34-dd1c2d05cb62_03-18-week1-FAILING_AND_PASSING,348944188,0a1ae2f2f145472ef2ba558160fb037a0fe3c71a4fc5c868f1d2dc39d1cd984c,27/08/18 01:31,27/08/2018,spirals-bears,TREATED
48c73b9c-1328-499c-ba34-dd1c2d05cb62_03-18-week1-FAILING_AND_PASSING,348814633,73f112374fc1a207f989a3aa136a88c9897b764fe0569c5f9d9a97af2cc584dd,27/08/18 01:34,27/08/2018,spirals-bears,TREATED
48c73b9c-1328-499c-ba34-dd1c2d05cb62_03-18-week1-FAILING_AND_PASSING,348718728,4822489cdd88f4c6adb904c24a46ae58ac09a0afeb585ab5148c3f8259551be2,27/08/18 01:35,27/08/2018,spirals-bears,TREATED
48c73b9c-1328-499c-ba34-dd1c2d05cb62_03-18-week1-FAILING_AND_PASSING,347635260,c9568f57de19b4be391fe99ba5c4a8551d8ccaaf5109604ac7ae41b6d1eec7ab,27/08/18 01:36,27/08/2018,spirals-bears,TREATED
48c73b9c-1328-499c-ba34-dd1c2d05cb62_03-18-week1-FAILING_AND_PASSING,343862627,e955a4a0af5c9752414fd8796cb54d69968ed1ab455742d08e39cc39de7ec9b9,27/08/18 01:36,27/08/2018,spirals-bears,TREATED
48c73b9c-1328-499c-ba34-dd1c2d05cb62_03-18-week1-FAILING_AND_PASSING,343851763,7b679696abcf0ef9baf23d5ad47ee8fef721d9d9db0f047d8dbbd91893cd384d,27/08/18 01:37,27/08/2018,spirals-bears,TREATED
48c73b9c-1328-499c-ba34-dd1c2d05cb62_03-18-week1-FAILING_AND_PASSING,350329442,ad2fbfcc5a6704d81db452825569d37a3efb8a1abb94776790ae9dcaf77aa124,27/08/18 01:41,27/08/2018,spirals-bears,TREATED
48c73b9c-1328-499c-ba34-dd1c2d05cb62_03-18-week1-FAILING_AND_PASSING,350165874,47d3e6850faeab6b285cb6c2d69a7a7cc8fb991f260e7df1690734e369c5ec96,27/08/18 01:42,27/08/2018,spirals-bears,TREATED
48c73b9c-1328-499c-ba34-dd1c2d05cb62_03-18-week1-FAILING_AND_PASSING,348847447,70376bc22d2f6e062403c5051b680d58ba14d0c780531d165b0697b29a1f8996,27/08/18 01:46,27/08/2018,spirals-bears,TREATED
48c73b9c-1328-499c-ba34-dd1c2d05cb62_03-18-week1-FAILING_AND_PASSING,348565791,9201ee29c0194fd10a1b0a702e29df889f60c0e489271a87be92a844f4dc5015,27/08/18 01:47,27/08/2018,spirals-bears,TREATED
48c73b9c-1328-499c-ba34-dd1c2d05cb62_03-18-week1-FAILING_AND_PASSING,350246478,55502c437d982787d5b1f98647ccbf6b6c6a34c7e277d929fd65db7044e76278,27/08/18 01:48,27/08/2018,spirals-bears,TREATED
48c73b9c-1328-499c-ba34-dd1c2d05cb62_03-18-week1-FAILING_AND_PASSING,348416796,e4c1c12a339b1e461039cea6b7f3f08e7243c5798deedc500fa472c5898f4d12,27/08/18 01:51,27/08/2018,spirals-bears,TREATED
48c73b9c-1328-499c-ba34-dd1c2d05cb62_03-18-week1-FAILING_AND_PASSING,348725206,55f0791e8d24feab1d86fd0781e3ef03cbe86fd6db669020965163a145576359,27/08/18 01:51,27/08/2018,spirals-bears,TREATED
